Rk,Player,PER,TS%,3PAr,FTr,ORB%,DRB%,TRB%,AST%,STL%,BLK%,TOV%,USG%,OWS,DWS,WS,WS/48,OBPM,DBPM,BPM,VORP,Awards,Pos,Age,Team,G,GS,MP,FG,FGA,FG%,3P,3PA,3P%,2P,2PA,2P%,eFG%,FT,FTA,FT%,ORB,DRB,TRB,AST,STL,BLK,TOV,PF,PTS,Season
55.0,Al Horford,21.4,0.563,0.037,0.146,6.7,19.8,13.4,18.6,1.5,3.5,8.9,22.2,5.1,3.6,8.7,0.179,2.6,1.5,4.1,3.6,AS,C,28.0,ATL,76.0,76.0,30.5,6.8,12.7,0.538,0.1,0.5,0.306,6.7,12.2,0.547,0.544,1.4,1.9,0.759,1.7,5.4,7.2,3.2,0.9,1.3,1.3,1.6,15.2,2015
152.0,Al Jefferson,23.1,0.532,0.004,0.258,10.6,24.9,17.5,8.8,1.1,3.5,7.8,28.9,2.9,2.0,4.9,0.128,3.2,-0.6,2.6,2.1,,C,24.0,MIN,50.0,50.0,36.7,9.7,19.5,0.497,0.0,0.1,0.0,9.7,19.4,0.499,0.497,3.7,5.0,0.738,3.4,7.5,11.0,1.6,0.8,1.7,1.8,2.8,23.1,2009
319.0,Alexey Shved,20.5,0.544,0.387,0.453,3.7,16.6,10.0,24.4,1.9,1.0,10.3,26.3,0.9,0.2,1.2,0.135,4.8,-0.4,4.4,0.7,,SG,26.0,3TM,42.0,9.0,18.3,3.2,8.0,0.397,1.1,3.3,0.338,2.0,4.7,0.439,0.467,2.9,3.6,0.807,0.5,1.8,2.4,2.5,0.7,0.1,1.1,1.1,10.3,2015
13.0,Allen Iverson,25.9,0.543,0.122,0.455,1.7,7.1,4.4,34.9,2.3,0.2,10.2,35.8,8.8,1.8,10.6,0.165,5.8,-1.0,4.8,5.3,"MVP-10,AS,NBA3",PG,30.0,PHI,72.0,72.0,43.1,11.3,25.3,0.447,1.0,3.1,0.323,10.3,22.2,0.465,0.467,9.4,11.5,0.814,0.6,2.6,3.2,7.4,1.9,0.1,3.4,1.7,33.0,2006
46.0,Alonzo Mourning,25.8,0.596,0.003,0.492,9.5,21.6,15.9,8.7,0.8,7.8,13.1,28.1,7.3,5.6,12.9,0.226,3.1,2.2,5.3,5.0,"MVP-3,DPOY-1,AS,NBA2,DEF1",C,29.0,MIA,79.0,78.0,34.8,8.3,15.0,0.551,0.0,0.1,0.0,8.3,14.9,0.553,0.551,5.2,7.4,0.711,2.7,6.8,9.5,1.6,0.5,3.7,2.7,3.9,21.7,2000
94.0,Alperen ÅengÃ¼n,22.0,0.585,0.113,0.358,9.5,21.5,15.4,25.2,1.8,2.1,12.5,27.0,3.8,3.1,6.9,0.163,3.1,1.7,4.9,3.5,,C,21.0,HOU,63.0,63.0,32.5,8.4,15.6,0.537,0.5,1.8,0.297,7.8,13.8,0.567,0.553,3.9,5.6,0.693,2.9,6.4,9.3,5.0,1.2,0.7,2.6,3.3,21.1,2024
49.0,Amar'e Stoudemire,27.6,0.656,0.026,0.571,8.2,21.1,15.2,7.5,1.2,4.0,10.3,28.2,10.9,3.8,14.6,0.262,4.2,0.6,4.8,4.6,"MVP-6,AS,NBA2",C,25.0,PHO,79.0,79.0,33.9,9.0,15.3,0.59,0.1,0.4,0.161,9.0,14.9,0.601,0.592,7.0,8.7,0.805,2.3,6.8,9.1,1.5,0.8,2.1,2.2,3.7,25.2,2008
181.0,Andray Blatche,21.9,0.547,0.033,0.32,12.2,19.6,15.8,10.5,3.0,2.7,13.8,26.5,2.4,2.5,4.9,0.153,1.3,0.9,2.2,1.6,,C,26.0,BRK,82.0,8.0,19.0,4.2,8.2,0.512,0.0,0.3,0.136,4.2,8.0,0.524,0.514,1.8,2.6,0.685,2.0,3.1,5.1,1.0,1.0,0.7,1.5,2.0,10.3,2013
193.0,Andre Drummond,23.8,0.61,0.005,0.421,19.4,30.6,25.1,9.8,2.0,3.8,13.5,21.5,1.3,0.9,2.2,0.199,1.7,-0.5,1.2,0.4,,C,28.0,2TM,73.0,36.0,19.7,3.4,5.9,0.57,0.0,0.0,0.0,3.4,5.9,0.574,0.57,1.2,2.2,0.524,3.1,6.2,9.3,1.8,1.1,0.9,1.6,2.6,7.9,2022
22.0,Andre Miller,21.8,0.538,0.083,0.428,4.2,10.4,7.4,49.8,2.2,0.8,16.5,22.6,8.7,1.5,10.3,0.163,4.3,-0.3,3.9,4.5,,PG,25.0,CLE,81.0,81.0,37.3,5.9,12.9,0.454,0.3,1.1,0.253,5.6,11.8,0.472,0.464,4.5,5.5,0.817,1.3,3.3,4.7,10.9,1.6,0.4,3.0,2.8,16.5,2002
208.0,Andrei Kirilenko,24.4,0.599,0.183,0.617,8.0,15.7,11.7,17.4,2.7,8.5,14.4,21.3,3.5,2.0,5.5,0.197,5.5,3.7,9.2,3.8,"DPOY-10,DEF2",PF,23.0,UTA,41.0,37.0,32.9,5.0,10.2,0.493,0.6,1.9,0.299,4.5,8.4,0.536,0.52,5.0,6.3,0.784,2.2,4.0,6.2,3.2,1.6,3.3,2.2,2.5,15.6,2005
99.0,Andrew Bogut,20.7,0.54,0.002,0.26,10.1,26.4,17.9,10.3,0.9,6.2,11.4,23.3,2.6,4.8,7.5,0.161,0.8,2.2,3.1,2.8,"DPOY-7,NBA3",C,25.0,MIL,69.0,69.0,32.3,6.9,13.2,0.52,0.0,0.0,0.0,6.9,13.2,0.521,0.52,2.2,3.4,0.629,3.0,7.1,10.2,1.8,0.6,2.5,1.9,3.2,15.9,2010
30.0,Andrew Bynum,22.9,0.594,0.006,0.425,10.6,26.1,18.7,7.4,0.7,4.0,13.9,23.8,4.8,3.3,8.0,0.183,2.7,0.2,2.9,2.6,"AS,NBA2",C,24.0,LAL,60.0,60.0,35.2,7.4,13.3,0.558,0.0,0.1,0.2,7.4,13.2,0.56,0.558,3.9,5.6,0.692,3.2,8.6,11.8,1.4,0.5,1.9,2.5,1.7,18.7,2012
81.0,Antawn Jamison,21.2,0.581,0.044,0.322,10.4,13.5,11.9,4.7,1.8,0.9,7.2,20.7,8.1,1.0,9.0,0.183,3.3,-1.5,1.7,2.2,6MOY-1,SF,27.0,DAL,82.0,2.0,29.0,6.0,11.1,0.535,0.2,0.5,0.4,5.8,10.6,0.541,0.543,2.7,3.6,0.748,2.8,3.5,6.3,0.9,1.0,0.4,1.0,2.1,14.8,2004
35.0,Anthony Davis,30.8,0.591,0.01,0.384,8.0,24.1,16.1,11.6,2.1,6.2,6.3,27.8,9.9,4.2,14.0,0.274,6.6,2.3,8.9,6.7,"MVP-5,DPOY-4,AS,NBA1,DEF2",PF,21.0,NOP,68.0,68.0,36.1,9.4,17.6,0.535,0.0,0.2,0.083,9.4,17.5,0.54,0.536,5.5,6.8,0.805,2.5,7.7,10.2,2.2,1.5,2.9,1.4,2.1,24.4,2015
3.0,Anthony Edwards,20.1,0.595,0.503,0.308,2.4,14.8,8.7,20.9,1.6,1.7,12.0,31.4,4.6,3.8,8.4,0.14,4.4,0.0,4.3,4.6,,SG,23.0,MIN,79.0,79.0,36.3,9.1,20.4,0.447,4.1,10.3,0.395,5.1,10.1,0.501,0.547,5.3,6.3,0.837,0.8,4.9,5.7,4.5,1.2,0.6,3.2,1.9,27.6,2025
65.0,Antonio McDyess,22.0,0.538,0.0,0.373,10.1,26.1,18.0,10.8,0.9,2.7,10.7,26.5,5.2,2.6,7.8,0.146,2.5,-0.8,1.7,2.4,AS,PF,26.0,DEN,70.0,70.0,36.5,8.2,16.6,0.495,0.0,0.0,,8.2,16.6,0.495,0.495,4.3,6.2,0.7,3.4,8.6,12.1,2.1,0.6,1.5,2.3,3.1,20.8,2001
228.0,Arvydas Sabonis,20.5,0.549,0.017,0.454,8.8,24.7,16.7,19.3,2.7,3.1,14.8,19.4,2.6,2.3,4.9,0.196,1.6,3.0,4.6,2.0,,C,38.0,POR,78.0,1.0,15.5,2.2,4.6,0.476,0.0,0.1,0.5,2.2,4.6,0.476,0.481,1.7,2.1,0.787,1.1,3.2,4.3,1.8,0.8,0.6,1.0,1.8,6.1,2003
29.0,Bam Adebayo,22.7,0.626,0.01,0.443,7.7,22.6,15.3,26.9,1.7,3.2,15.0,23.7,5.6,3.2,8.8,0.197,2.9,2.0,4.9,3.7,"DPOY-4,DEF2",C,23.0,MIA,64.0,64.0,33.5,7.1,12.5,0.57,0.0,0.1,0.25,7.1,12.4,0.573,0.571,4.4,5.5,0.799,2.2,6.7,9.0,5.4,1.2,1.0,2.6,2.3,18.7,2021
175.0,Baron Davis,21.4,0.492,0.452,0.317,3.1,10.6,6.7,44.0,2.9,0.5,9.9,30.0,1.1,0.6,1.7,0.138,5.2,0.2,5.4,1.1,,PG,25.0,2TM,46.0,32.0,34.4,6.3,16.3,0.387,2.6,7.7,0.333,3.8,8.7,0.435,0.465,4.0,5.3,0.761,0.7,3.1,3.8,7.9,1.8,0.3,2.8,2.7,19.2,2005
51.0,Ben Simmons,20.4,0.602,0.011,0.461,6.2,18.2,12.2,33.8,2.9,1.4,20.4,20.9,3.8,3.1,6.9,0.165,1.3,2.3,3.6,2.8,"DPOY-4,AS,NBA3,DEF1",PG,23.0,PHI,57.0,57.0,35.4,6.6,11.4,0.58,0.0,0.1,0.286,6.5,11.2,0.583,0.581,3.2,5.2,0.621,2.0,5.8,7.8,8.0,2.1,0.6,3.5,3.3,16.4,2020
12.0,Blake Griffin,23.9,0.583,0.032,0.496,7.7,21.2,14.7,19.2,1.6,1.4,11.9,29.0,8.1,4.1,12.2,0.205,3.8,0.7,4.5,4.7,"MVP-3,AS,NBA2",PF,24.0,LAC,80.0,80.0,35.8,9.0,17.0,0.528,0.2,0.6,0.273,8.8,16.4,0.537,0.533,6.0,8.4,0.715,2.4,7.1,9.5,3.9,1.2,0.6,2.8,3.3,24.1,2014
349.0,Boban MarjanoviÄ,27.7,0.662,0.0,0.655,16.9,26.2,21.7,6.6,1.2,3.5,11.5,22.8,2.3,1.2,3.4,0.325,3.9,0.4,4.3,0.8,,C,27.0,SAS,54.0,4.0,9.4,1.9,3.2,0.603,0.0,0.0,,1.9,3.2,0.603,0.603,1.6,2.1,0.763,1.4,2.2,3.6,0.4,0.2,0.4,0.5,1.0,5.5,2016
86.0,Brad Miller,20.8,0.627,0.011,0.463,10.1,18.2,14.2,10.5,1.4,1.0,10.8,19.7,2.9,1.0,3.9,0.214,3.4,0.2,3.6,1.2,,C,25.0,2TM,76.0,75.0,29.8,4.8,9.6,0.499,0.0,0.1,0.429,4.8,9.6,0.5,0.501,3.9,5.0,0.775,3.3,4.9,8.2,2.0,1.0,0.5,1.5,3.2,13.6,2002
42.0,Bradley Beal,23.2,0.579,0.369,0.351,2.7,10.5,6.4,29.5,1.6,1.0,11.4,34.4,4.5,0.6,5.1,0.118,5.3,-2.4,2.9,2.5,,SG,26.0,WAS,57.0,57.0,36.0,10.4,22.9,0.455,3.0,8.4,0.353,7.4,14.4,0.515,0.52,6.8,8.0,0.842,0.9,3.3,4.2,6.1,1.2,0.4,3.4,2.2,30.5,2020
195.0,Brandan Wright,25.7,0.762,0.0,0.356,11.0,12.9,11.9,3.2,1.7,6.8,7.7,14.9,2.2,0.6,2.9,0.274,4.3,1.2,5.6,1.0,,PF,27.0,3TM,75.0,7.0,19.3,3.1,4.8,0.642,0.0,0.0,0.0,3.1,4.8,0.647,0.642,1.0,1.5,0.696,1.7,2.6,4.3,0.5,0.7,1.3,0.5,1.4,7.3,2015
220.0,Brandon Clarke,23.7,0.66,0.049,0.291,11.1,17.8,14.4,10.3,1.5,4.9,6.3,17.7,4.4,1.9,6.3,0.241,3.1,1.1,4.2,2.0,6MOY-11,PF,25.0,MEM,64.0,1.0,19.5,4.5,7.0,0.644,0.1,0.3,0.227,4.4,6.6,0.666,0.65,1.3,2.0,0.654,2.1,3.2,5.3,1.3,0.6,1.1,0.5,1.9,10.4,2022
25.0,Brandon Roy,24.0,0.573,0.167,0.383,4.4,11.6,7.9,25.4,1.7,0.6,9.0,27.4,10.9,2.6,13.5,0.223,6.0,0.1,6.2,6.0,"MVP-9,AS,NBA2",SG,24.0,POR,78.0,78.0,37.2,8.1,16.9,0.48,1.1,2.8,0.377,7.1,14.1,0.501,0.512,5.3,6.5,0.824,1.3,3.4,4.7,5.1,1.1,0.3,1.9,1.6,22.6,2009
78.0,Brook Lopez,24.7,0.567,0.001,0.358,10.8,16.1,13.4,6.4,0.8,5.2,9.4,28.6,6.4,2.6,9.0,0.191,3.4,-0.2,3.2,3.0,AS,C,24.0,BRK,74.0,74.0,30.4,7.7,14.8,0.521,0.0,0.0,0.0,7.7,14.8,0.522,0.521,4.0,5.3,0.758,2.8,4.1,6.9,0.9,0.4,2.1,1.8,2.1,19.4,2013
63.0,CJ McCollum,21.9,0.58,0.361,0.204,2.3,12.5,7.3,31.3,1.9,0.1,9.5,29.4,1.9,0.7,2.6,0.14,5.3,-0.7,4.5,1.5,,PG,30.0,2TM,62.0,62.0,34.6,8.6,18.8,0.46,2.9,7.6,0.388,5.7,11.2,0.509,0.539,1.9,2.7,0.682,0.9,3.5,4.3,5.1,1.1,0.4,2.0,2.0,22.1,2022
29.0,Cade Cunningham,20.6,0.565,0.287,0.254,2.5,16.5,9.6,43.0,1.4,2.1,16.0,33.2,3.0,2.9,5.9,0.115,3.8,0.1,3.9,3.7,,PG,23.0,DET,70.0,70.0,35.0,9.8,20.8,0.469,2.1,6.0,0.356,7.6,14.8,0.515,0.521,4.5,5.3,0.846,0.8,5.3,6.1,9.1,1.0,0.8,4.4,2.8,26.1,2025
288.0,Carl Landry,21.4,0.641,0.005,0.498,15.5,17.3,16.4,5.2,1.3,0.7,8.9,18.8,2.5,1.2,3.7,0.251,1.6,-0.1,1.5,0.6,ROY-8,PF,24.0,HOU,42.0,0.0,16.9,3.2,5.2,0.616,0.0,0.0,0.0,3.2,5.2,0.619,0.616,1.7,2.6,0.661,2.3,2.6,4.9,0.5,0.4,0.2,0.6,2.3,8.1,2008
52.0,Carlos Boozer,24.1,0.588,0.0,0.322,11.2,29.9,20.6,16.6,1.4,0.7,12.8,26.5,6.5,3.4,9.9,0.185,4.4,0.2,4.6,4.3,"MVP-9,AS",PF,25.0,UTA,74.0,74.0,34.6,8.7,15.6,0.561,0.0,0.0,,8.7,15.6,0.561,0.561,3.4,5.0,0.685,3.2,8.5,11.7,3.0,0.9,0.3,2.6,2.9,20.9,2007
52.0,Carmelo Anthony,24.8,0.56,0.278,0.344,6.1,15.9,10.8,14.1,1.1,1.1,9.3,35.6,7.5,2.0,9.5,0.184,6.0,-1.7,4.3,3.9,"MVP-3,AS,NBA2",PF,28.0,NYK,67.0,67.0,37.0,10.0,22.2,0.449,2.3,6.2,0.379,7.6,16.0,0.476,0.502,6.3,7.6,0.83,2.0,4.9,6.9,2.6,0.8,0.5,2.6,3.1,28.7,2013
82.0,Caron Butler,20.7,0.558,0.196,0.278,4.6,15.4,9.8,21.9,3.0,0.7,12.4,24.0,4.8,2.4,7.2,0.15,3.0,1.1,4.1,3.5,AS,SF,27.0,WAS,58.0,58.0,39.9,7.6,16.3,0.466,1.1,3.2,0.357,6.4,13.1,0.492,0.501,4.1,4.5,0.901,1.6,5.1,6.7,4.9,2.2,0.3,2.6,2.8,20.3,2008
59.0,Chauncey Billups,23.6,0.619,0.39,0.498,2.0,8.1,5.0,34.7,2.2,0.5,13.0,23.0,10.2,3.4,13.5,0.257,6.5,1.2,7.7,6.2,"DPOY-16,AS",PG,31.0,DET,78.0,78.0,32.3,5.0,11.2,0.448,1.8,4.4,0.401,3.3,6.9,0.479,0.526,5.1,5.6,0.918,0.5,2.2,2.7,6.8,1.3,0.2,2.1,1.7,17.0,2008
40.0,Chet Holmgren,20.4,0.632,0.366,0.289,6.2,23.1,15.0,11.6,1.1,7.3,10.9,21.6,4.6,4.4,8.9,0.178,1.8,1.5,3.4,3.3,ROY-2,C,21.0,OKC,82.0,82.0,29.4,6.2,11.6,0.53,1.6,4.3,0.37,4.6,7.4,0.623,0.598,2.7,3.4,0.793,1.6,6.3,7.9,2.4,0.6,2.3,1.6,2.4,16.5,2024
52.0,Chris Bosh,25.0,0.592,0.019,0.509,9.9,25.2,17.7,11.5,0.9,2.1,10.7,28.7,7.9,1.7,9.6,0.182,4.8,-1.2,3.6,3.6,"MVP-12,AS",C,25.0,TOR,70.0,70.0,36.1,8.6,16.5,0.518,0.1,0.3,0.364,8.5,16.2,0.521,0.522,6.7,8.4,0.797,2.9,7.9,10.8,2.4,0.6,1.0,2.4,2.4,24.0,2010
148.0,Chris Boucher,21.9,0.634,0.42,0.345,8.5,22.5,15.3,6.9,1.2,7.6,6.7,20.5,4.0,2.1,6.1,0.201,2.7,0.6,3.3,2.0,6MOY-8,C,28.0,TOR,60.0,14.0,24.2,4.8,9.3,0.514,1.5,3.9,0.383,3.3,5.4,0.609,0.595,2.5,3.2,0.788,2.0,4.8,6.7,1.1,0.6,1.9,0.8,2.8,13.6,2021
12.0,Chris Paul,30.0,0.599,0.14,0.418,2.8,14.6,8.7,54.5,3.9,0.3,13.5,27.5,13.3,5.0,18.3,0.292,7.2,3.8,11.0,9.9,"MVP-5,DPOY-6,AS,NBA2,DEF1",PG,23.0,NOH,78.0,78.0,38.5,8.1,16.1,0.503,0.8,2.3,0.364,7.3,13.8,0.525,0.528,5.8,6.7,0.868,0.9,4.7,5.5,11.0,2.8,0.1,3.0,2.7,22.8,2009
40.0,Chris Webber,24.7,0.516,0.017,0.282,7.0,22.1,14.8,20.6,1.7,2.8,9.6,31.6,5.8,5.2,11.0,0.186,4.0,1.4,5.5,5.3,"MVP-4,AS,NBA1",PF,27.0,SAC,70.0,70.0,40.5,11.2,23.4,0.481,0.0,0.4,0.071,11.2,23.0,0.488,0.481,4.6,6.6,0.703,2.6,8.5,11.1,4.2,1.3,1.7,2.8,3.2,27.1,2001
181.0,Chris Wilcox,20.4,0.631,0.0,0.333,9.8,23.2,16.4,6.7,1.1,1.1,11.0,18.7,2.6,0.2,2.8,0.153,2.5,-1.6,0.8,0.6,,C,23.0,2TM,77.0,24.0,19.9,3.3,5.8,0.571,0.0,0.0,0.0,3.3,5.8,0.574,0.571,1.5,2.0,0.732,1.5,3.8,5.3,0.7,0.4,0.4,0.9,2.4,8.1,2006
180.0,Christian Wood,23.2,0.659,0.276,0.476,8.8,24.8,16.7,7.6,1.3,3.4,12.0,23.0,3.6,1.5,5.1,0.183,3.5,-0.3,3.1,1.7,6MOY-4,PF,24.0,DET,62.0,12.0,21.4,4.6,8.2,0.567,0.9,2.3,0.386,3.8,5.9,0.636,0.62,2.9,3.9,0.744,1.7,4.6,6.3,1.0,0.5,0.9,1.4,1.6,13.1,2020
95.0,Clint Capela,24.5,0.65,0.001,0.38,13.5,30.8,22.2,5.7,1.4,5.7,11.5,19.4,6.2,4.1,10.2,0.242,2.4,1.0,3.4,2.8,DPOY-14,C,23.0,HOU,74.0,74.0,27.5,6.0,9.1,0.652,0.0,0.0,0.0,6.0,9.1,0.653,0.652,1.9,3.5,0.56,3.3,7.6,10.8,0.9,0.8,1.9,1.4,2.5,13.9,2018
304.0,Cole Aldrich,21.3,0.626,0.0,0.373,11.9,27.1,19.6,10.0,2.9,6.7,19.6,18.4,1.4,2.0,3.5,0.209,-0.9,3.4,2.4,0.9,,C,27.0,LAC,60.0,5.0,13.3,2.2,3.8,0.596,0.0,0.0,,2.2,3.8,0.596,0.596,1.0,1.4,0.714,1.4,3.4,4.8,0.8,0.8,1.1,1.1,2.3,5.5,2016
122.0,Corey Maggette,20.3,0.615,0.056,0.622,4.9,15.2,10.0,13.2,1.2,0.1,13.0,26.7,5.6,0.7,6.3,0.144,2.1,-1.8,0.3,1.2,,PF,30.0,GSW,70.0,49.0,29.7,6.5,12.7,0.516,0.2,0.7,0.26,6.3,11.9,0.531,0.523,6.6,7.9,0.835,1.3,4.0,5.3,2.5,0.7,0.1,2.4,3.3,19.8,2010
159.0,Corliss Williamson,20.0,0.567,0.006,0.37,8.2,13.9,11.1,11.5,1.5,1.1,12.8,29.8,3.2,1.9,5.1,0.144,0.6,-0.9,-0.3,0.7,6MOY-1,SF,28.0,DET,78.0,7.0,21.8,5.3,10.3,0.51,0.0,0.1,0.2,5.3,10.3,0.512,0.511,3.1,3.8,0.805,1.5,2.6,4.1,1.2,0.6,0.3,1.8,2.9,13.6,2002
5.0,Damian Lillard,26.9,0.627,0.5,0.384,1.4,10.5,6.0,34.4,1.3,0.8,11.0,30.3,10.9,0.7,11.6,0.225,8.3,-0.9,7.5,5.9,"MVP-8,AS,NBA2",PG,29.0,POR,66.0,66.0,37.5,9.5,20.4,0.463,4.1,10.2,0.401,5.4,10.2,0.524,0.563,7.0,7.8,0.888,0.5,3.8,4.3,8.0,1.1,0.3,2.9,1.7,30.0,2020
300.0,Daniel Gafford,25.4,0.696,0.0,0.486,13.0,20.2,16.6,4.4,1.7,8.4,10.2,18.9,1.3,0.7,2.0,0.235,2.5,1.6,4.0,0.6,,C,22.0,2TM,54.0,11.0,14.6,2.9,4.2,0.684,0.0,0.0,,2.9,4.2,0.684,0.684,1.3,2.0,0.667,1.7,2.5,4.3,0.5,0.5,1.4,0.8,1.8,7.0,2021
330.0,Danilo Gallinari,23.3,0.799,0.545,1.091,2.4,15.1,8.7,18.6,1.1,1.9,3.0,15.9,0.5,0.1,0.6,0.304,5.9,1.0,6.9,0.2,,SF,35.0,3TM,49.0,0.0,12.9,1.7,3.9,0.437,0.6,1.9,0.323,1.1,2.0,0.546,0.516,1.7,2.0,0.857,0.4,1.8,2.2,1.1,0.3,0.1,0.5,1.0,5.7,2024
264.0,Danny Fortson,20.1,0.602,0.0,0.713,17.8,31.7,24.4,5.6,1.2,0.4,16.1,21.0,2.5,1.0,3.5,0.194,0.6,-1.9,-1.2,0.2,,PF,23.0,BOS,55.0,5.0,15.6,2.5,4.8,0.528,0.0,0.0,,2.5,4.8,0.528,0.528,2.5,3.4,0.735,2.6,4.1,6.7,0.5,0.4,0.1,1.2,3.3,7.6,2000
78.0,Danny Granger,21.8,0.584,0.352,0.36,2.2,13.4,7.7,13.1,1.4,3.0,10.0,29.6,5.6,2.4,8.0,0.158,4.9,-0.1,4.8,4.2,"MIP-1,AS",SF,25.0,IND,67.0,66.0,36.2,8.5,19.1,0.447,2.7,6.7,0.404,5.8,12.3,0.47,0.518,6.0,6.9,0.878,0.7,4.4,5.1,2.7,1.0,1.4,2.5,3.1,25.8,2009
285.0,David Lee,24.0,0.66,0.0,0.294,15.2,29.1,22.2,12.5,1.2,2.9,14.8,20.0,1.5,0.7,2.1,0.237,2.3,0.6,2.8,0.5,,PF,32.0,2TM,55.0,5.0,16.4,3.2,6.1,0.531,0.0,0.0,0.0,3.2,6.1,0.533,0.531,1.3,1.7,0.763,1.8,3.7,5.5,1.5,0.4,0.5,1.2,2.1,7.8,2016
59.0,David Robinson,24.6,0.568,0.002,0.496,9.0,24.5,17.1,10.3,2.0,4.9,11.6,25.6,6.2,6.4,12.7,0.238,3.1,2.7,5.8,5.0,"AS,NBA3",C,34.0,SAS,80.0,80.0,32.0,6.6,12.9,0.512,0.0,0.0,0.0,6.6,12.9,0.513,0.512,4.6,6.4,0.726,2.4,7.2,9.6,1.8,1.2,2.3,2.1,3.1,17.8,2000
276.0,David West,20.9,0.6,0.021,0.209,7.7,18.2,13.3,20.5,2.3,5.9,16.2,21.7,1.8,1.7,3.5,0.168,0.7,2.5,3.1,1.3,,C,37.0,GSW,73.0,0.0,13.7,3.0,5.2,0.571,0.0,0.1,0.375,2.9,5.1,0.576,0.575,0.8,1.1,0.759,0.9,2.4,3.3,1.9,0.6,1.0,1.1,1.6,6.8,2018
279.0,Day'Ron Sharpe,20.0,0.596,0.051,0.418,18.6,27.9,23.1,14.0,1.3,4.3,16.7,19.7,1.6,1.3,2.9,0.152,-0.4,0.4,0.0,0.5,,C,22.0,BRK,61.0,1.0,15.1,2.8,4.8,0.571,0.1,0.2,0.267,2.7,4.6,0.588,0.578,1.2,2.0,0.61,2.6,3.7,6.4,1.4,0.4,0.7,1.1,2.1,6.8,2024
29.0,De'Aaron Fox,21.8,0.599,0.276,0.331,1.9,12.4,7.2,29.6,1.6,0.8,10.6,30.1,5.5,1.8,7.4,0.146,3.4,-0.9,2.5,2.7,"MVP-11,CPOY-1,AS,NBA3",PG,25.0,SAC,73.0,73.0,33.4,9.3,18.2,0.512,1.6,5.0,0.324,7.7,13.2,0.584,0.557,4.7,6.0,0.78,0.5,3.6,4.2,6.1,1.1,0.3,2.5,2.4,25.0,2023
96.0,DeAndre Jordan,22.1,0.681,0.0,0.537,13.3,33.0,22.9,18.2,0.9,3.4,21.6,16.8,1.3,0.6,1.9,0.181,2.2,1.3,3.4,0.7,,C,30.0,2TM,69.0,69.0,29.7,4.1,6.5,0.641,0.0,0.0,,4.1,6.5,0.641,0.641,2.7,3.8,0.705,3.3,9.8,13.1,2.3,0.6,1.1,2.2,2.4,11.0,2019
23.0,DeMar DeRozan,24.0,0.552,0.08,0.419,3.0,13.6,8.3,20.6,1.5,0.4,9.0,34.3,6.7,2.4,9.0,0.166,4.1,-1.0,3.0,3.3,"MVP-11,AS,NBA3",SG,27.0,TOR,74.0,74.0,35.4,9.7,20.9,0.467,0.4,1.7,0.266,9.3,19.2,0.484,0.477,7.4,8.7,0.842,0.9,4.3,5.2,3.9,1.1,0.2,2.4,1.8,27.3,2017
43.0,DeMarcus Cousins,26.5,0.562,0.239,0.491,7.1,28.3,17.8,27.4,2.0,3.6,13.2,37.5,3.4,2.6,6.0,0.153,5.6,1.6,7.2,4.4,,C,26.0,2TM,72.0,72.0,34.2,9.0,19.9,0.452,1.8,5.0,0.361,7.2,14.8,0.483,0.498,7.2,9.3,0.772,2.1,8.9,11.0,4.6,1.4,1.3,3.7,3.9,27.0,2017
143.0,Deandre Ayton,21.9,0.656,0.027,0.204,9.6,27.1,18.6,7.6,1.1,2.1,10.7,21.4,4.1,3.1,7.3,0.203,2.2,0.6,2.8,2.1,,C,23.0,PHO,58.0,58.0,29.5,7.6,12.0,0.634,0.1,0.3,0.368,7.5,11.7,0.642,0.639,1.8,2.4,0.746,2.6,7.7,10.2,1.4,0.7,0.7,1.6,2.4,17.2,2022
33.0,Dejounte Murray,22.3,0.533,0.237,0.199,3.5,21.6,12.5,40.6,2.8,0.8,11.8,27.3,3.9,3.4,7.3,0.149,3.7,1.7,5.4,4.4,AS,PG,25.0,SAS,68.0,68.0,34.8,8.4,18.3,0.462,1.4,4.3,0.327,7.0,13.9,0.504,0.5,2.9,3.6,0.794,1.2,7.1,8.3,9.2,2.0,0.3,2.6,2.0,21.1,2022
62.0,Deron Williams,22.1,0.587,0.32,0.439,1.9,10.5,6.2,43.6,1.7,0.5,16.3,26.2,5.9,0.8,6.7,0.159,5.0,-1.2,3.7,2.9,,PG,26.0,2TM,65.0,65.0,37.9,6.6,15.0,0.439,1.6,4.9,0.331,5.0,10.1,0.491,0.493,5.4,6.3,0.845,0.6,3.4,4.0,10.3,1.2,0.2,3.5,2.9,20.1,2011
65.0,Derrick Favors,21.8,0.558,0.007,0.362,10.0,20.7,15.4,9.4,1.4,4.3,10.2,23.8,5.0,3.3,8.3,0.175,1.9,0.6,2.5,2.6,,PF,23.0,UTA,74.0,74.0,30.8,6.5,12.4,0.525,0.0,0.1,0.167,6.5,12.3,0.527,0.526,3.0,4.5,0.669,2.6,5.6,8.2,1.5,0.8,1.7,1.6,2.8,16.0,2015
9.0,Derrick Rose,23.5,0.55,0.241,0.348,3.2,9.4,6.4,38.7,1.5,1.3,13.1,32.2,8.3,4.8,13.1,0.208,6.3,0.5,6.8,6.7,"MVP-1,AS,NBA1",PG,22.0,CHI,81.0,81.0,37.4,8.8,19.7,0.445,1.6,4.8,0.332,7.2,15.0,0.481,0.485,5.9,6.9,0.858,1.0,3.1,4.1,7.7,1.0,0.6,3.4,1.7,25.0,2011
138.0,Devin Booker,22.0,0.601,0.296,0.336,2.7,12.0,7.2,27.3,1.4,0.9,10.6,31.8,4.2,1.9,6.0,0.157,4.5,-0.3,4.2,2.9,,SG,26.0,PHO,53.0,53.0,34.6,9.9,20.1,0.494,2.1,6.0,0.351,7.8,14.2,0.554,0.546,5.8,6.8,0.855,0.9,3.7,4.5,5.5,1.0,0.3,2.7,3.0,27.8,2023
65.0,Devin Harris,21.6,0.563,0.212,0.582,1.4,9.7,5.5,34.4,2.4,0.4,14.0,28.4,5.9,1.7,7.5,0.145,3.3,-0.5,2.8,3.0,AS,PG,25.0,NJN,69.0,69.0,36.1,6.6,15.1,0.438,0.9,3.2,0.291,5.7,11.9,0.477,0.469,7.2,8.8,0.82,0.4,2.9,3.3,6.9,1.7,0.2,3.1,2.4,21.3,2009
15.0,Dirk Nowitzki,28.1,0.589,0.173,0.382,4.6,23.4,14.2,14.7,1.0,2.1,7.9,30.0,13.5,4.3,17.7,0.275,7.8,0.4,8.1,7.9,"MVP-3,AS,NBA1",PF,27.0,DAL,81.0,81.0,38.1,9.3,19.3,0.48,1.4,3.3,0.406,7.9,16.0,0.496,0.515,6.7,7.4,0.901,1.4,7.6,9.0,2.8,0.7,1.0,1.9,2.0,26.6,2006
6.0,Domantas Sabonis,23.5,0.668,0.088,0.467,10.6,30.0,20.3,30.4,1.1,1.2,16.9,21.3,9.6,3.0,12.6,0.221,4.1,1.8,5.8,5.4,"MVP-7,AS,NBA3",C,26.0,SAC,79.0,79.0,34.6,7.3,11.9,0.615,0.4,1.1,0.373,6.9,10.8,0.639,0.632,4.1,5.5,0.742,3.2,9.1,12.3,7.3,0.8,0.5,2.9,3.5,19.1,2023
30.0,Donovan Mitchell,22.9,0.614,0.453,0.262,3.1,10.9,7.0,21.4,2.0,1.0,10.3,32.1,5.4,3.5,8.9,0.176,5.6,0.6,6.3,5.0,"MVP-6,CPOY-6,AS,NBA2",SG,26.0,CLE,68.0,68.0,35.8,10.0,20.6,0.484,3.6,9.3,0.386,6.4,11.3,0.566,0.572,4.7,5.4,0.867,0.9,3.3,4.3,4.4,1.5,0.4,2.6,2.5,28.3,2023
11.0,Dwight Howard,26.1,0.616,0.007,0.877,12.6,30.6,21.8,6.8,1.9,4.9,16.2,27.2,6.7,7.7,14.4,0.235,2.9,2.4,5.3,5.4,"MVP-2,DPOY-1,AS,NBA1,DEF1",C,25.0,ORL,78.0,78.0,37.6,7.9,13.4,0.593,0.0,0.1,0.0,7.9,13.3,0.597,0.593,7.0,11.7,0.596,4.0,10.1,14.1,1.4,1.4,2.4,3.6,3.3,22.9,2011
162.0,Dwight Powell,20.4,0.682,0.261,0.523,9.1,17.3,13.2,10.7,1.3,2.6,10.1,17.2,5.6,1.9,7.5,0.215,2.0,0.9,2.9,2.1,,C,27.0,DAL,77.0,22.0,21.6,3.8,6.3,0.597,0.5,1.6,0.307,3.3,4.7,0.699,0.637,2.5,3.3,0.772,1.8,3.5,5.3,1.5,0.6,0.6,0.9,2.6,10.6,2019
9.0,Dwyane Wade,30.4,0.574,0.16,0.443,3.5,12.2,7.8,40.3,3.0,2.8,11.6,36.2,10.3,4.4,14.7,0.232,8.2,2.4,10.6,9.6,"MVP-3,DPOY-3,AS,NBA1,DEF2",SG,27.0,MIA,79.0,79.0,38.6,10.8,22.0,0.491,1.1,3.5,0.317,9.7,18.5,0.524,0.516,7.5,9.8,0.765,1.1,3.9,5.0,7.5,2.2,1.3,3.4,2.3,30.2,2009
133.0,Ed Davis,20.0,0.594,0.0,0.403,13.3,23.1,18.0,8.3,1.4,4.3,9.5,14.8,4.6,1.6,6.3,0.164,1.4,0.1,1.5,1.6,,PF,25.0,LAL,79.0,24.0,23.3,3.6,5.9,0.601,0.0,0.0,,3.6,5.9,0.601,0.601,1.2,2.4,0.487,2.9,4.7,7.6,1.2,0.6,1.2,0.7,2.6,8.3,2015
399.0,Ekpe Udoh,20.9,0.698,0.0,0.417,9.3,20.9,15.2,12.8,1.5,7.7,13.2,13.1,0.9,0.7,1.6,0.238,0.8,3.9,4.7,0.5,,C,31.0,UTA,51.0,1.0,6.3,1.0,1.4,0.694,0.0,0.0,,1.0,1.4,0.694,0.694,0.4,0.6,0.633,0.5,1.2,1.8,0.5,0.2,0.6,0.3,0.7,2.3,2019
14.0,Elton Brand,26.5,0.58,0.002,0.396,9.3,19.9,14.8,13.1,1.4,4.9,9.3,27.7,9.3,5.5,14.8,0.229,5.1,1.6,6.7,6.8,"MVP-7,DPOY-10,AS,NBA2",PF,26.0,LAC,79.0,79.0,39.2,9.6,18.2,0.527,0.0,0.0,0.333,9.6,18.1,0.527,0.527,5.6,7.2,0.775,3.0,7.0,10.0,2.6,1.0,2.5,2.2,2.9,24.7,2006
80.0,Emeka Okafor,20.1,0.554,0.0,0.399,12.7,26.2,19.2,6.0,1.3,5.7,11.3,19.1,3.5,3.6,7.1,0.147,1.2,0.9,2.1,2.4,DPOY-11,C,24.0,CHA,67.0,65.0,34.8,5.9,11.0,0.532,0.0,0.0,,5.9,11.0,0.532,0.532,2.6,4.4,0.593,3.9,7.4,11.3,1.2,0.9,2.6,1.7,3.1,14.4,2007
83.0,Enes Freedom,24.9,0.611,0.012,0.335,17.5,20.5,19.0,6.4,0.8,1.3,11.6,23.9,2.9,0.8,3.7,0.22,4.4,-2.3,2.0,0.8,,C,22.0,2TM,75.0,74.0,28.5,6.4,12.4,0.519,0.2,0.6,0.356,6.2,11.8,0.528,0.528,2.4,3.1,0.782,3.7,5.3,8.9,0.7,0.5,0.4,1.9,2.5,15.5,2015
82.0,Eric Bledsoe,20.5,0.563,0.3,0.443,2.5,13.8,8.0,31.1,2.0,1.2,15.3,28.1,4.0,1.4,5.3,0.118,3.7,-0.1,3.6,3.1,,PG,27.0,PHO,66.0,66.0,33.0,6.8,15.7,0.434,1.6,4.7,0.335,5.2,11.0,0.477,0.485,5.9,6.9,0.847,0.8,4.1,4.8,6.3,1.4,0.5,3.4,2.5,21.1,2017
78.0,Erick Dampier,20.1,0.573,0.003,0.511,16.1,25.5,20.8,4.3,0.7,4.1,14.1,17.8,5.5,3.4,8.9,0.178,1.3,-0.3,1.0,1.8,,C,28.0,GSW,74.0,74.0,32.5,4.7,8.8,0.535,0.0,0.0,0.0,4.7,8.8,0.537,0.535,2.9,4.5,0.654,4.6,7.3,12.0,0.8,0.4,1.9,1.8,3.1,12.3,2004
105.0,Ersan Ä°lyasova,20.5,0.577,0.188,0.307,12.7,22.8,17.6,7.0,1.3,2.0,10.1,20.1,4.4,2.0,6.4,0.185,3.1,-1.1,1.9,1.6,,PF,24.0,MIL,60.0,41.0,27.6,4.9,10.0,0.492,0.9,1.9,0.455,4.1,8.1,0.501,0.535,2.4,3.1,0.781,3.3,5.6,8.8,1.2,0.7,0.7,1.3,2.2,13.0,2012
63.0,Evan Mobley,22.3,0.633,0.254,0.337,8.4,24.0,16.5,15.1,1.4,4.7,12.2,23.2,5.3,3.8,9.0,0.2,3.1,1.5,4.6,3.6,,PF,23.0,CLE,71.0,71.0,30.5,7.1,12.8,0.557,1.2,3.2,0.37,5.9,9.5,0.621,0.604,3.1,4.3,0.725,2.3,7.0,9.3,3.2,0.9,1.6,2.0,2.0,18.5,2025
89.0,Franz Wagner,20.1,0.558,0.303,0.268,3.0,17.1,9.7,26.6,1.9,1.0,9.6,31.0,2.6,3.1,5.6,0.133,2.6,0.5,3.1,2.6,,SF,23.0,ORL,60.0,60.0,33.7,9.0,19.4,0.463,1.7,5.9,0.295,7.2,13.5,0.535,0.507,4.5,5.2,0.871,0.9,4.8,5.7,4.7,1.3,0.4,2.3,2.5,24.2,2025
2.0,Gary Payton,23.6,0.535,0.312,0.254,3.2,13.9,8.5,37.7,2.3,0.4,10.8,26.8,10.5,3.5,13.9,0.195,5.8,0.7,6.4,7.3,"MVP-6,DPOY-5,AS,NBA1,DEF1",PG,31.0,SEA,82.0,82.0,41.8,9.1,20.3,0.448,2.2,6.3,0.34,7.0,14.0,0.497,0.502,3.8,5.2,0.735,1.2,5.2,6.5,8.9,1.9,0.2,2.7,2.2,24.2,2000
231.0,George Hill,21.5,0.579,0.361,0.267,2.2,13.3,7.8,31.4,1.8,0.9,10.3,23.8,3.7,1.6,5.4,0.203,4.1,1.2,5.3,2.3,,PG,28.0,IND,43.0,36.0,29.5,5.9,12.4,0.477,1.6,4.5,0.358,4.3,8.0,0.544,0.541,2.6,3.3,0.79,0.6,3.6,4.2,5.1,1.0,0.3,1.6,2.6,16.1,2015
136.0,Gerald Wallace,21.3,0.578,0.085,0.52,7.1,18.9,12.6,8.8,3.7,4.7,12.0,19.3,3.0,3.4,6.4,0.163,2.0,2.9,4.9,3.2,DPOY-9,SF,23.0,CHA,55.0,52.0,34.5,5.8,10.7,0.538,0.3,0.9,0.28,5.5,9.8,0.562,0.55,3.4,5.6,0.614,2.2,5.3,7.5,1.7,2.5,2.1,1.8,2.7,15.2,2006
57.0,Giannis Antetokounmpo,32.1,0.633,0.194,0.615,6.6,30.4,18.7,31.7,1.6,4.0,12.2,34.9,9.2,3.7,12.9,0.281,7.6,3.5,11.2,7.4,"MVP-3,DPOY-6,AS,NBA1,DEF1",PF,27.0,MIL,67.0,67.0,32.9,10.3,18.6,0.553,1.1,3.6,0.293,9.2,15.0,0.616,0.582,8.3,11.4,0.722,2.0,9.6,11.6,5.8,1.1,1.4,3.3,3.2,29.9,2022
16.0,Gilbert Arenas,24.0,0.565,0.377,0.464,2.3,11.1,6.6,27.2,2.4,0.3,11.2,31.4,9.3,1.5,10.8,0.177,5.5,-0.8,4.7,5.0,"MVP-8,AS,NBA2",PG,25.0,WAS,74.0,73.0,39.8,8.7,20.9,0.418,2.8,7.9,0.351,6.0,13.0,0.459,0.484,8.2,9.7,0.844,0.8,3.7,4.6,6.0,1.9,0.2,3.2,3.4,28.4,2007
43.0,Glenn Robinson,20.1,0.525,0.126,0.21,5.0,16.1,10.6,16.5,1.6,1.6,12.1,29.2,4.2,2.5,6.7,0.114,2.3,-1.0,1.3,2.4,AS,SF,28.0,MIL,76.0,74.0,37.0,9.0,19.2,0.468,0.7,2.4,0.299,8.3,16.8,0.493,0.487,3.3,4.0,0.82,1.6,5.3,6.9,3.3,1.1,0.8,2.9,2.5,22.0,2001
29.0,Goran DragiÄ,21.4,0.604,0.274,0.381,2.9,7.4,5.2,28.1,2.0,0.6,14.3,24.5,8.4,2.0,10.3,0.186,4.1,-0.2,3.9,4.0,"MVP-16,MIP-1,NBA3",SG,27.0,PHO,76.0,75.0,35.1,7.3,14.4,0.505,1.6,3.9,0.408,5.7,10.4,0.542,0.561,4.2,5.5,0.76,0.9,2.3,3.2,5.9,1.4,0.3,2.8,2.7,20.3,2014
36.0,Gordon Hayward,22.2,0.595,0.324,0.371,2.3,15.4,9.0,18.2,1.5,0.6,9.4,27.6,7.1,3.3,10.4,0.199,4.6,0.5,5.0,4.5,AS,SF,26.0,UTA,73.0,73.0,34.5,7.5,15.8,0.471,2.0,5.1,0.398,5.4,10.7,0.506,0.536,5.0,5.9,0.844,0.7,4.7,5.4,3.5,1.0,0.3,1.9,1.6,21.9,2017
39.0,Grant Hill,24.5,0.565,0.069,0.425,4.1,16.4,10.2,26.8,1.9,1.1,12.4,30.5,8.1,2.6,10.7,0.185,5.4,0.1,5.4,5.2,"MVP-8,AS,NBA2",SF,27.0,DET,74.0,74.0,37.5,9.4,19.2,0.489,0.5,1.3,0.347,8.9,17.9,0.5,0.501,6.5,8.2,0.795,1.3,5.3,6.6,5.2,1.4,0.6,3.2,2.6,25.8,2000
366.0,Greg Monroe,60.2,0.6,0.0,0.0,63.9,0.0,32.0,73.4,0.0,0.0,0.0,43.1,0.1,0.0,0.1,0.534,28.0,-2.8,25.2,0.0,,C,28.0,3TM,43.0,2.0,11.2,2.1,4.4,0.487,0.0,0.1,0.2,2.1,4.3,0.495,0.489,1.0,1.7,0.625,1.6,2.4,4.0,0.6,0.3,0.2,0.7,1.5,5.3,2019
174.0,Hakeem Olajuwon,20.7,0.526,0.002,0.349,9.5,22.4,16.1,8.3,2.4,4.0,11.0,21.9,2.4,2.6,5.0,0.155,1.3,1.5,2.8,1.9,,C,38.0,HOU,58.0,55.0,26.6,4.9,9.8,0.498,0.0,0.0,0.0,4.9,9.8,0.499,0.498,2.1,3.4,0.621,2.1,5.3,7.4,1.2,1.2,1.5,1.4,2.4,11.9,2001
252.0,Hassan Whiteside,26.2,0.619,0.0,0.403,15.6,34.7,25.4,1.0,1.2,9.2,11.3,21.1,2.8,2.4,5.3,0.221,2.5,1.6,4.1,1.8,DPOY-15,C,25.0,MIA,48.0,32.0,23.8,5.1,8.1,0.628,0.0,0.0,,5.1,8.1,0.628,0.628,1.6,3.3,0.5,3.0,7.0,10.0,0.1,0.6,2.6,1.2,2.7,11.8,2015
227.0,Isaiah Hartenstein,22.0,0.664,0.082,0.361,10.5,18.2,14.5,20.5,2.0,5.4,16.5,18.4,3.3,2.2,5.5,0.215,1.4,3.1,4.5,2.0,,C,23.0,LAC,68.0,0.0,17.9,3.4,5.4,0.626,0.2,0.4,0.467,3.2,4.9,0.64,0.645,1.3,1.9,0.689,1.7,3.2,4.9,2.4,0.7,1.1,1.2,2.5,8.3,2022
305.0,Isaiah Jackson,21.5,0.689,0.017,0.438,13.8,21.2,17.5,8.3,2.1,6.3,12.3,17.2,2.2,1.1,3.3,0.204,0.3,1.4,1.7,0.7,,C,22.0,IND,59.0,3.0,13.1,2.6,3.9,0.665,0.0,0.1,0.0,2.6,3.9,0.677,0.665,1.2,1.7,0.716,1.6,2.4,4.0,0.8,0.6,1.0,0.7,2.3,6.5,2024
27.0,Isaiah Thomas,26.5,0.625,0.439,0.441,1.9,7.0,4.4,32.5,1.4,0.4,10.7,34.0,10.9,1.6,12.5,0.234,7.8,-1.1,6.7,5.6,"MVP-5,AS,NBA2",PG,27.0,BOS,76.0,76.0,33.8,9.0,19.4,0.463,3.2,8.5,0.379,5.8,10.9,0.528,0.546,7.8,8.5,0.909,0.6,2.1,2.7,5.9,0.9,0.2,2.8,2.2,28.9,2017
13.0,Ivica Zubac,22.3,0.641,0.0,0.251,13.1,30.2,21.8,12.8,1.0,3.4,10.8,19.5,7.0,4.7,11.7,0.215,2.3,0.8,3.1,3.4,,C,27.0,LAC,80.0,80.0,32.8,7.4,11.8,0.628,0.0,0.0,,7.4,11.8,0.628,0.628,2.0,3.0,0.661,3.8,8.9,12.6,2.7,0.7,1.1,1.6,2.1,16.8,2025
189.0,J.J. Hickson,20.2,0.568,0.005,0.347,12.6,18.3,15.4,6.9,1.1,2.3,10.9,21.6,1.4,0.5,1.8,0.147,1.5,-1.8,-0.3,0.3,,PF,23.0,2TM,54.0,19.0,23.0,3.4,7.3,0.467,0.0,0.0,0.0,3.4,7.2,0.469,0.467,1.6,2.5,0.642,2.5,3.7,6.2,0.8,0.6,0.6,1.3,1.6,8.4,2012
107.0,Ja Morant,24.4,0.575,0.218,0.353,4.2,14.1,9.0,34.1,1.7,1.0,12.6,33.7,4.6,2.1,6.7,0.171,6.2,-0.1,6.1,3.9,"MVP-7,MIP-1,AS,NBA2",PG,22.0,MEM,57.0,57.0,33.1,10.2,20.6,0.493,1.5,4.5,0.344,8.6,16.2,0.534,0.53,5.5,7.3,0.761,1.4,4.4,5.7,6.7,1.2,0.4,3.4,1.5,27.4,2022
316.0,JaVale McGee,25.2,0.642,0.009,0.348,15.9,20.1,18.1,3.8,1.2,7.1,9.8,23.8,2.0,1.5,3.5,0.225,1.0,0.2,1.2,0.6,,C,29.0,GSW,77.0,10.0,9.6,2.7,4.1,0.652,0.0,0.0,0.0,2.7,4.1,0.658,0.652,0.7,1.4,0.505,1.3,1.9,3.2,0.2,0.2,0.9,0.5,1.4,6.1,2017
126.0,Jakob Poeltl,23.1,0.652,0.0,0.313,12.5,26.4,19.0,12.1,2.1,4.7,10.0,17.5,1.9,1.2,3.1,0.209,2.2,1.5,3.6,1.0,,C,27.0,2TM,72.0,71.0,26.5,5.4,8.6,0.629,0.0,0.0,0.0,5.4,8.6,0.63,0.629,1.7,2.8,0.592,3.3,5.8,9.1,2.7,0.9,1.2,1.7,2.7,12.5,2023
10.0,Jalen Brunson,23.4,0.592,0.319,0.302,1.8,9.7,5.7,33.5,1.3,0.4,9.1,32.5,8.8,2.4,11.2,0.198,6.3,-0.4,5.8,5.4,"MVP-5,CPOY-5,AS,NBA2",PG,27.0,NYK,77.0,77.0,35.4,10.3,21.4,0.479,2.7,6.8,0.401,7.5,14.6,0.516,0.543,5.5,6.5,0.847,0.6,3.1,3.6,6.7,0.9,0.2,2.4,1.9,28.7,2024
85.0,Jalen Duren,21.4,0.703,0.0,0.443,15.2,28.7,22.0,14.7,1.3,4.2,17.2,16.4,5.9,3.4,9.2,0.218,1.6,1.5,3.1,2.7,,C,21.0,DET,78.0,78.0,26.1,4.8,7.0,0.692,0.0,0.0,,4.8,7.0,0.692,0.692,2.1,3.1,0.669,3.6,6.8,10.3,2.7,0.7,1.1,1.7,3.2,11.8,2025
254.0,Jalen Smith,20.7,0.682,0.365,0.263,12.1,24.3,18.2,8.0,0.8,2.9,9.1,19.4,3.1,0.9,4.0,0.182,3.2,-0.8,2.4,1.2,,C,23.0,IND,61.0,14.0,17.2,3.8,6.5,0.592,1.0,2.4,0.424,2.8,4.1,0.689,0.67,1.2,1.7,0.692,1.8,3.7,5.5,1.0,0.3,0.6,0.7,2.0,9.9,2024
53.0,Jalen Williams,20.3,0.573,0.291,0.256,2.9,14.6,8.8,23.4,2.4,2.1,10.3,27.5,3.7,4.1,7.8,0.168,2.7,1.4,4.0,3.4,,SG,23.0,OKC,69.0,69.0,32.4,8.2,16.9,0.484,1.8,4.9,0.365,6.4,12.0,0.533,0.537,3.4,4.3,0.789,0.9,4.5,5.3,5.1,1.6,0.7,2.2,2.3,21.6,2025
132.0,Jamal Murray,20.7,0.586,0.346,0.187,2.6,11.6,7.2,31.2,1.5,1.8,10.5,27.9,3.8,2.1,5.9,0.153,4.5,-0.4,4.1,2.9,,PG,26.0,DEN,59.0,59.0,31.5,8.0,16.7,0.481,2.5,5.8,0.425,5.6,10.9,0.51,0.554,2.7,3.1,0.853,0.7,3.4,4.1,6.5,1.0,0.7,2.1,1.8,21.2,2024
214.0,Jameer Nelson,20.6,0.612,0.341,0.183,1.8,10.5,6.2,32.1,2.0,0.2,12.6,23.2,3.9,2.1,6.0,0.22,3.4,1.7,5.1,2.3,AS,PG,26.0,ORL,42.0,42.0,31.2,6.4,12.6,0.503,2.0,4.3,0.453,4.4,8.3,0.529,0.58,2.0,2.3,0.887,0.5,3.0,3.5,5.4,1.2,0.1,2.0,2.9,16.7,2009
2.0,James Harden,30.6,0.616,0.539,0.449,2.5,17.8,10.0,39.5,2.7,1.7,14.5,40.5,11.4,3.8,15.2,0.254,9.4,1.6,11.0,9.3,"MVP-2,AS,NBA1",PG,29.0,HOU,78.0,78.0,36.8,10.8,24.5,0.442,4.8,13.2,0.368,6.0,11.3,0.528,0.541,9.7,11.0,0.879,0.8,5.8,6.6,7.5,2.0,0.7,5.0,3.1,36.1,2019
147.0,Jaren Jackson Jr.,21.6,0.613,0.343,0.372,6.4,18.8,12.6,5.0,1.7,9.6,10.1,24.7,2.8,3.8,6.6,0.177,0.7,2.0,2.8,2.2,"DPOY-1,AS,DEF1",C,23.0,MEM,63.0,63.0,28.4,6.6,13.0,0.506,1.6,4.5,0.355,5.0,8.6,0.585,0.567,3.8,4.9,0.788,1.7,5.0,6.8,1.0,1.0,3.0,1.7,3.6,18.6,2023
123.0,Jarrett Allen,23.0,0.698,0.018,0.428,12.0,24.5,18.4,8.2,1.2,3.7,12.7,18.1,5.4,3.0,8.5,0.225,2.7,1.2,3.9,2.7,AS,C,23.0,CLE,56.0,56.0,32.3,6.6,9.7,0.677,0.0,0.2,0.1,6.6,9.6,0.688,0.678,2.9,4.2,0.708,3.4,7.3,10.8,1.6,0.8,1.3,1.7,1.7,16.1,2022
23.0,Jason Kidd,22.2,0.526,0.297,0.324,4.2,15.1,9.6,42.2,3.1,0.6,17.2,25.9,5.5,5.8,11.3,0.182,4.8,1.8,6.6,6.5,"MVP-9,AS,NBA2,DEF2",PG,29.0,NJN,80.0,80.0,37.4,6.4,15.6,0.414,1.6,4.6,0.341,4.9,10.9,0.445,0.465,4.2,5.0,0.841,1.4,4.9,6.3,8.9,2.2,0.3,3.7,1.6,18.7,2003
7.0,Jayson Tatum,23.7,0.607,0.44,0.399,3.2,22.5,13.0,20.9,1.4,1.6,10.4,32.7,6.2,4.3,10.5,0.185,4.8,0.7,5.5,5.1,"MVP-4,CPOY-10,AS,NBA1",SF,24.0,BOS,74.0,74.0,36.9,9.8,21.1,0.466,3.2,9.3,0.35,6.6,11.8,0.558,0.543,7.2,8.4,0.854,1.1,7.7,8.8,4.6,1.1,0.7,2.9,2.2,30.1,2023
71.0,Jeff Teague,20.6,0.566,0.233,0.36,1.6,7.7,4.7,37.9,2.9,1.2,16.6,25.3,5.0,2.8,7.7,0.166,2.7,0.3,2.9,2.8,AS,PG,26.0,ATL,73.0,72.0,30.5,5.6,12.2,0.46,1.0,2.8,0.343,4.6,9.3,0.496,0.5,3.8,4.4,0.862,0.4,2.1,2.5,7.0,1.7,0.4,2.8,1.9,15.9,2015
179.0,Jermaine O'Neal,22.9,0.52,0.007,0.458,6.7,23.3,15.1,12.8,0.9,4.4,11.3,36.2,1.3,2.5,3.8,0.118,1.5,0.2,1.8,1.5,AS,PF,26.0,IND,44.0,41.0,34.8,8.8,19.4,0.452,0.0,0.1,0.167,8.8,19.3,0.454,0.453,6.7,8.9,0.754,1.9,6.9,8.8,1.9,0.6,2.0,3.0,3.9,24.3,2005
7.0,Jerry Stackhouse,21.8,0.521,0.245,0.42,3.2,7.3,5.2,25.8,1.5,1.2,12.5,35.2,6.6,2.6,9.2,0.137,5.8,-0.7,5.1,5.8,"MVP-14,AS",SG,26.0,DET,80.0,80.0,40.2,9.7,24.1,0.402,2.1,5.9,0.351,7.6,18.2,0.418,0.445,8.3,10.1,0.822,1.2,2.7,3.9,5.1,1.2,0.7,4.1,2.0,29.8,2001
79.0,Jimmy Butler,27.6,0.647,0.116,0.625,7.5,13.3,10.3,27.1,2.7,1.0,8.2,25.6,9.4,2.9,12.3,0.277,6.7,2.0,8.7,5.8,"MVP-10,DPOY-12,CPOY-2,NBA2",PF,33.0,MIA,64.0,64.0,33.4,7.5,13.9,0.539,0.6,1.6,0.35,6.9,12.3,0.564,0.56,7.4,8.7,0.85,2.2,3.7,5.9,5.3,1.8,0.3,1.6,1.3,22.9,2023
15.0,Joakim Noah,20.0,0.531,0.003,0.419,11.6,24.5,18.2,26.4,1.9,3.3,17.0,18.7,4.5,6.6,11.2,0.19,1.7,3.6,5.3,5.2,"MVP-4,DPOY-1,AS,NBA1,DEF1",C,28.0,CHI,80.0,80.0,35.3,4.8,10.0,0.475,0.0,0.0,0.0,4.8,10.0,0.476,0.475,3.1,4.2,0.737,3.5,7.7,11.3,5.4,1.2,1.5,2.4,3.1,12.6,2014
54.0,Joel Embiid,31.4,0.655,0.151,0.581,5.9,28.3,17.3,22.9,1.4,4.6,11.9,37.0,8.4,3.9,12.3,0.259,6.8,2.3,9.2,6.4,"MVP-1,DPOY-9,CPOY-5,AS,NBA1",C,28.0,PHI,66.0,66.0,34.6,11.0,20.1,0.548,1.0,3.0,0.33,10.0,17.1,0.587,0.573,10.0,11.7,0.857,1.7,8.4,10.2,4.2,1.0,1.7,3.4,3.1,33.1,2023
171.0,John Collins,23.5,0.659,0.243,0.248,9.0,24.0,16.4,7.6,1.1,4.1,10.1,22.7,3.8,1.2,4.9,0.174,3.7,-0.6,3.1,1.7,,PF,22.0,ATL,41.0,41.0,33.2,8.6,14.8,0.583,1.4,3.6,0.401,7.2,11.2,0.642,0.632,2.9,3.7,0.8,2.8,7.3,10.1,1.5,0.8,1.6,1.8,3.4,21.6,2020
71.0,John Stockton,22.4,0.591,0.167,0.354,2.3,8.3,5.4,48.1,3.1,0.5,17.6,19.3,8.2,3.1,11.2,0.222,5.0,1.7,6.6,5.3,AS,PG,37.0,UTA,82.0,82.0,29.7,4.4,8.8,0.501,0.5,1.5,0.355,3.9,7.4,0.53,0.53,2.7,3.1,0.86,0.5,2.1,2.6,8.6,1.7,0.2,2.2,2.3,12.1,2000
5.0,John Wall,23.2,0.541,0.19,0.367,2.4,10.6,6.5,46.9,2.7,1.4,16.2,30.6,5.8,3.0,8.8,0.149,4.6,0.1,4.7,4.8,"MVP-7,AS,NBA3",PG,26.0,WAS,78.0,78.0,36.4,8.3,18.4,0.451,1.1,3.5,0.327,7.2,14.9,0.48,0.482,5.4,6.8,0.801,0.8,3.4,4.2,10.7,2.0,0.6,4.1,1.9,23.1,2017
261.0,Jonas ValanÄiÅ«nas,24.4,0.616,0.089,0.344,10.7,31.4,21.1,12.0,0.8,4.4,12.7,28.5,2.2,1.9,4.2,0.183,2.2,0.4,2.7,1.3,,C,26.0,2TM,49.0,27.0,22.3,6.1,11.0,0.559,0.3,1.0,0.292,5.9,10.0,0.586,0.572,3.0,3.8,0.795,2.2,6.4,8.6,1.4,0.4,1.1,1.8,3.0,15.6,2019
68.0,Josh Howard,20.0,0.548,0.222,0.273,6.5,16.6,11.7,9.2,1.8,1.7,9.3,25.2,5.0,3.8,8.8,0.173,2.7,0.4,3.1,3.2,"DPOY-18,AS",SF,26.0,DAL,70.0,69.0,35.1,7.0,15.4,0.459,1.3,3.4,0.385,5.7,11.9,0.48,0.501,3.5,4.2,0.827,1.9,4.9,6.8,1.8,1.2,0.8,1.8,2.6,18.9,2007
9.0,Josh Smith,21.1,0.499,0.099,0.292,6.9,24.8,15.9,20.6,2.1,3.8,11.7,28.4,1.9,4.9,6.8,0.139,1.7,2.1,3.8,3.3,DPOY-10,PF,26.0,ATL,66.0,66.0,35.3,7.6,16.7,0.458,0.4,1.7,0.257,7.2,15.0,0.48,0.47,3.1,4.9,0.63,2.1,7.5,9.6,3.9,1.4,1.7,2.5,2.6,18.8,2012
63.0,JosÃ© CalderÃ³n,20.5,0.607,0.26,0.17,1.6,9.7,5.6,42.3,1.9,0.2,14.2,16.8,8.1,2.2,10.2,0.197,4.1,0.4,4.5,4.1,,PG,26.0,TOR,82.0,56.0,30.3,4.5,8.6,0.519,1.0,2.2,0.429,3.5,6.4,0.551,0.575,1.3,1.5,0.908,0.4,2.5,2.9,8.3,1.1,0.1,1.5,1.6,11.2,2008
65.0,Jrue Holiday,20.0,0.592,0.344,0.165,4.2,10.4,7.4,26.3,2.4,1.7,12.6,22.2,4.3,2.2,6.6,0.165,2.8,0.6,3.4,2.6,"DPOY-8,DEF1",PG,30.0,MIL,59.0,56.0,32.3,7.0,13.9,0.503,1.9,4.8,0.392,5.1,9.2,0.561,0.57,1.8,2.3,0.787,1.2,3.3,4.5,6.1,1.6,0.6,2.2,1.7,17.7,2021
65.0,Julius Randle,20.9,0.6,0.179,0.447,7.6,21.6,14.7,15.8,1.1,1.6,13.8,27.8,4.2,1.9,6.1,0.131,2.1,-0.6,1.5,2.0,,PF,24.0,NOP,73.0,49.0,30.6,7.8,14.9,0.524,0.9,2.7,0.344,6.9,12.2,0.564,0.555,4.9,6.7,0.731,2.2,6.5,8.7,3.1,0.7,0.6,2.8,3.4,21.4,2019
108.0,Jusuf NurkiÄ,23.4,0.57,0.035,0.442,13.4,26.7,20.2,17.9,1.7,4.2,14.6,24.7,4.4,3.3,7.8,0.189,2.1,1.7,3.7,2.8,,C,24.0,POR,72.0,72.0,27.4,5.8,11.5,0.508,0.0,0.4,0.103,5.8,11.1,0.523,0.51,3.9,5.1,0.773,3.4,7.0,10.4,3.2,1.0,1.4,2.3,3.5,15.6,2019
20.0,Karl Malone,27.1,0.582,0.005,0.501,7.1,24.7,16.1,20.9,1.4,1.9,11.4,31.9,10.7,4.5,15.3,0.249,6.4,1.1,7.5,7.1,"MVP-4,AS,NBA2",PF,36.0,UTA,82.0,82.0,35.9,9.2,18.0,0.509,0.0,0.1,0.25,9.1,17.9,0.511,0.51,7.2,9.0,0.797,2.1,7.4,9.5,3.7,1.0,0.9,2.8,2.8,25.5,2000
29.0,Karl-Anthony Towns,26.3,0.622,0.27,0.342,10.9,29.3,20.0,17.2,1.3,4.2,13.7,28.9,7.2,3.2,10.4,0.197,5.4,0.6,6.0,5.1,AS,C,23.0,MIN,77.0,77.0,33.1,8.8,17.1,0.518,1.8,4.6,0.4,7.0,12.5,0.562,0.572,4.9,5.8,0.836,3.4,9.0,12.4,3.4,0.9,1.6,3.1,3.8,24.4,2019
40.0,Kawhi Leonard,27.6,0.61,0.295,0.406,3.7,15.7,9.8,18.9,2.7,1.8,9.1,31.1,8.9,4.7,13.6,0.264,7.1,2.2,9.4,7.1,"MVP-3,DPOY-3,AS,NBA1,DEF1",SF,25.0,SAS,74.0,74.0,33.4,8.6,17.7,0.485,2.0,5.2,0.38,6.6,12.5,0.529,0.541,6.3,7.2,0.88,1.1,4.7,5.8,3.5,1.8,0.7,2.1,1.6,25.5,2017
50.0,Kelly Olynyk,22.3,0.674,0.389,0.421,5.2,24.5,14.5,21.9,2.2,1.7,15.7,22.9,2.2,1.0,3.2,0.182,2.9,0.9,3.8,1.2,,PF,29.0,2TM,70.0,62.0,28.5,4.8,10.0,0.484,1.8,5.3,0.342,3.0,4.7,0.641,0.574,2.1,2.5,0.829,1.2,5.7,7.0,2.9,1.1,0.6,1.8,3.0,13.5,2021
3.0,Kemba Walker,21.7,0.558,0.434,0.267,1.9,11.9,6.8,29.4,1.7,1.0,10.1,31.5,5.5,1.9,7.4,0.123,5.2,-1.0,4.2,4.4,"AS,NBA3",PG,28.0,CHO,82.0,82.0,34.9,8.9,20.5,0.434,3.2,8.9,0.356,5.7,11.6,0.494,0.511,4.6,5.5,0.844,0.6,3.8,4.4,5.9,1.2,0.4,2.6,1.6,25.6,2019
219.0,Kenneth Faried,21.9,0.618,0.0,0.531,16.5,22.9,19.8,5.5,1.7,3.6,12.4,18.7,3.2,1.3,4.6,0.212,2.4,-0.2,2.2,1.1,ROY-3,PF,22.0,DEN,46.0,39.0,22.5,3.9,6.7,0.586,0.0,0.0,,3.9,6.7,0.586,0.586,2.4,3.6,0.665,3.1,4.6,7.7,0.8,0.7,1.0,1.2,2.5,10.2,2012
1.0,Kevin Durant,29.8,0.635,0.291,0.477,2.2,18.6,10.8,26.7,1.7,1.5,12.2,33.0,14.8,4.4,19.2,0.295,8.8,1.4,10.2,9.6,"MVP-1,AS,NBA1",SF,25.0,OKC,81.0,81.0,38.5,10.5,20.8,0.503,2.4,6.1,0.391,8.1,14.8,0.549,0.56,8.7,9.9,0.873,0.7,6.7,7.4,5.5,1.3,0.7,3.5,2.1,32.0,2014
4.0,Kevin Garnett,29.4,0.547,0.027,0.289,9.1,30.0,20.1,24.4,2.0,4.0,10.5,29.6,10.4,8.0,18.3,0.272,6.8,3.3,10.2,10.0,"MVP-1,DPOY-6,AS,NBA1,DEF1",PF,27.0,MIN,82.0,82.0,39.4,9.8,19.6,0.499,0.1,0.5,0.256,9.7,19.1,0.506,0.502,4.5,5.7,0.791,3.0,10.9,13.9,5.0,1.5,2.2,2.6,2.5,24.2,2004
18.0,Kevin Love,26.9,0.591,0.355,0.445,8.5,29.5,18.7,21.4,1.0,1.0,10.3,28.8,10.6,3.7,14.3,0.245,8.3,0.6,8.9,7.7,"MVP-11,AS,NBA2",PF,25.0,MIN,77.0,77.0,36.3,8.4,18.5,0.457,2.5,6.6,0.376,6.0,11.9,0.502,0.524,6.8,8.2,0.821,2.9,9.6,12.5,4.4,0.8,0.5,2.5,1.8,26.1,2014
44.0,Kevin Martin,21.4,0.601,0.362,0.528,1.2,10.0,5.6,13.0,1.6,0.4,10.5,29.6,8.0,1.5,9.5,0.175,4.3,-1.0,3.4,3.5,,SG,27.0,HOU,80.0,80.0,32.5,6.9,15.8,0.436,2.2,5.7,0.383,4.7,10.1,0.467,0.506,7.4,8.4,0.888,0.4,2.9,3.2,2.5,1.0,0.2,2.3,1.9,23.5,2011
180.0,Kevin Porter Jr.,20.2,0.616,0.29,0.38,2.5,18.3,10.7,28.0,3.1,0.3,15.4,24.8,1.1,0.9,2.0,0.163,0.9,1.2,2.1,0.6,,SG,24.0,2TM,75.0,4.0,19.8,3.9,8.7,0.449,0.7,2.4,0.311,3.2,6.3,0.501,0.492,1.7,2.3,0.769,0.6,3.1,3.7,3.4,1.1,0.2,1.8,1.6,10.3,2025
82.0,Khris Middleton,21.1,0.619,0.374,0.24,2.5,17.0,10.2,22.2,1.3,0.3,11.6,26.4,4.6,3.3,7.9,0.205,3.4,0.7,4.1,2.9,AS,SF,28.0,MIL,62.0,59.0,29.9,7.6,15.3,0.497,2.4,5.7,0.415,5.2,9.6,0.546,0.575,3.4,3.7,0.916,0.7,5.5,6.2,4.3,0.9,0.1,2.2,2.3,20.9,2020
34.0,Klay Thompson,20.8,0.591,0.42,0.197,1.2,9.4,5.4,14.6,1.7,1.8,9.5,27.6,5.7,3.1,8.8,0.172,4.5,-0.1,4.4,4.0,"MVP-10,AS,NBA3",SG,24.0,GSW,77.0,77.0,31.9,7.8,16.9,0.463,3.1,7.1,0.439,4.7,9.8,0.481,0.555,2.9,3.3,0.879,0.4,2.9,3.2,2.9,1.1,0.8,1.9,1.6,21.7,2015
5.0,Kobe Bryant,28.0,0.559,0.238,0.377,2.6,12.7,7.6,24.1,2.4,0.7,9.0,38.7,11.6,3.7,15.3,0.224,7.4,0.2,7.6,8.0,"MVP-4,AS,NBA1,DEF1",SG,27.0,LAL,80.0,80.0,41.0,12.2,27.2,0.45,2.3,6.5,0.347,10.0,20.7,0.482,0.491,8.7,10.2,0.85,0.9,4.4,5.3,4.5,1.8,0.4,3.1,2.9,35.4,2006
356.0,Kosta Koufos,20.3,0.536,0.0,0.452,18.2,20.6,19.4,0.0,1.0,3.9,10.6,25.6,0.1,0.1,0.3,0.133,-1.3,-2.8,-4.1,-0.1,,C,21.0,2TM,50.0,2.0,8.7,1.4,3.0,0.453,0.0,0.0,0.0,1.4,3.0,0.459,0.453,0.5,0.9,0.558,1.1,1.5,2.6,0.1,0.2,0.5,0.6,1.2,3.2,2011
180.0,Kristaps PorziÅÄ£is,27.7,0.606,0.305,0.448,8.9,25.5,17.3,17.9,1.2,4.4,8.3,31.4,1.6,0.6,2.2,0.22,5.4,0.2,5.7,0.9,,PF,26.0,2TM,51.0,51.0,29.0,6.9,15.0,0.459,1.5,4.9,0.31,5.4,10.1,0.532,0.51,4.9,5.6,0.867,2.0,6.1,8.1,2.3,0.7,1.6,1.6,2.7,20.2,2022
68.0,Kyle Lowry,22.9,0.623,0.51,0.398,2.4,12.0,7.2,29.9,2.0,0.7,13.8,24.9,7.8,2.3,10.1,0.216,5.8,0.4,6.1,4.6,AS,PG,30.0,TOR,60.0,60.0,37.4,7.1,15.3,0.464,3.2,7.8,0.412,3.9,7.5,0.518,0.569,5.0,6.1,0.819,0.8,4.0,4.8,7.0,1.5,0.3,2.9,2.8,22.4,2017
238.0,Kyle O'Quinn,20.5,0.552,0.041,0.201,13.7,24.8,19.2,14.8,1.5,6.9,14.5,18.5,2.1,1.8,3.9,0.151,0.2,1.7,1.9,1.2,,C,26.0,NYK,79.0,8.0,15.6,2.7,5.2,0.521,0.0,0.2,0.118,2.7,5.0,0.538,0.523,0.8,1.1,0.771,2.0,3.6,5.6,1.5,0.5,1.3,1.0,2.2,6.3,2017
114.0,Kyrie Irving,25.0,0.61,0.374,0.24,1.9,10.8,6.4,30.7,1.7,0.7,10.4,31.0,6.3,2.7,8.9,0.222,6.4,0.9,7.3,4.5,AS,PG,25.0,BOS,60.0,60.0,32.2,8.9,18.1,0.491,2.8,6.8,0.408,6.1,11.3,0.541,0.568,3.9,4.4,0.889,0.6,3.2,3.8,5.1,1.1,0.3,2.3,2.0,24.4,2018
32.0,LaMarcus Aldridge,25.0,0.57,0.068,0.296,10.8,17.3,14.0,11.3,0.9,3.0,6.8,29.1,7.4,3.6,10.9,0.209,4.3,-0.4,3.9,3.7,"MVP-9,AS,NBA2",C,32.0,SAS,75.0,75.0,33.5,9.2,18.0,0.51,0.4,1.2,0.293,8.8,16.7,0.526,0.52,4.5,5.3,0.837,3.3,5.2,8.5,2.0,0.6,1.2,1.5,2.1,23.1,2018
81.0,Larry Hughes,21.6,0.523,0.192,0.417,3.4,15.2,9.1,21.9,3.8,0.6,10.6,26.6,4.6,3.1,7.7,0.157,2.4,1.9,4.3,3.7,"DPOY-6,DEF1",SG,26.0,WAS,61.0,61.0,38.7,7.7,17.8,0.43,1.0,3.4,0.282,6.7,14.4,0.465,0.457,5.8,7.4,0.777,1.2,5.0,6.3,4.7,2.9,0.3,2.5,2.8,22.0,2005
214.0,Larry Nance Jr.,21.5,0.585,0.05,0.313,12.1,25.5,18.9,7.6,2.8,3.1,5.2,17.0,1.4,0.7,2.1,0.206,1.5,0.7,2.2,0.5,,C,25.0,2TM,66.0,26.0,21.5,3.6,6.3,0.581,0.0,0.2,0.167,3.6,6.1,0.594,0.584,1.4,2.1,0.664,2.4,4.4,6.8,1.2,1.3,0.6,0.8,2.6,8.7,2018
58.0,Lauri Markkanen,22.1,0.64,0.446,0.348,6.3,20.7,13.6,8.6,0.9,1.4,8.8,26.6,6.3,1.9,8.2,0.173,4.9,-1.0,3.8,3.3,"MIP-1,AS",PF,25.0,UTA,66.0,66.0,34.4,8.7,17.3,0.499,3.0,7.7,0.391,5.6,9.6,0.585,0.586,5.3,6.0,0.875,2.0,6.7,8.6,1.9,0.6,0.6,1.9,2.1,25.6,2023
7.0,LeBron James,31.7,0.591,0.238,0.472,4.3,19.0,11.9,38.0,2.4,2.4,11.0,33.8,13.7,6.5,20.3,0.318,9.5,3.7,13.2,11.8,"MVP-1,DPOY-2,AS,NBA1,DEF1",SF,24.0,CLE,81.0,81.0,37.7,9.7,19.9,0.489,1.6,4.7,0.344,8.1,15.2,0.535,0.53,7.3,9.4,0.78,1.3,6.3,7.6,7.2,1.7,1.1,3.0,1.7,28.4,2009
277.0,Leon Powe,20.9,0.629,0.004,0.717,14.9,18.3,16.7,3.3,1.0,1.6,10.8,22.8,2.7,1.6,4.3,0.256,1.0,-0.7,0.2,0.5,,C,24.0,BOS,56.0,5.0,14.4,2.8,4.8,0.572,0.0,0.0,0.0,2.8,4.8,0.575,0.572,2.4,3.4,0.71,1.7,2.4,4.1,0.3,0.3,0.3,0.8,2.3,7.9,2008
112.0,Lou Williams,23.9,0.609,0.432,0.469,1.1,9.5,5.1,22.3,2.3,0.6,11.9,30.6,4.3,0.6,4.9,0.169,6.2,-0.4,5.8,2.8,,SG,30.0,2TM,81.0,1.0,24.6,5.3,12.3,0.429,2.0,5.5,0.365,3.3,6.8,0.48,0.511,5.0,5.6,0.88,0.3,2.2,2.5,3.0,1.0,0.2,2.0,1.1,17.5,2017
36.0,Luka DonÄiÄ,28.7,0.609,0.373,0.479,2.6,25.4,13.8,42.3,1.9,1.2,11.9,37.6,7.3,2.9,10.2,0.204,7.6,1.4,8.9,6.6,"MVP-8,CPOY-8,AS,NBA1",PG,23.0,DAL,66.0,66.0,36.2,10.9,22.0,0.496,2.8,8.2,0.342,8.1,13.8,0.588,0.56,7.8,10.5,0.742,0.8,7.8,8.6,8.0,1.4,0.5,3.6,2.5,32.4,2023
86.0,Manu GinÃ³bili,24.3,0.612,0.395,0.449,3.3,14.7,9.1,26.4,2.6,1.1,14.5,28.7,6.6,4.5,11.1,0.232,5.6,2.7,8.3,6.0,"MVP-10,6MOY-1,NBA3",SG,30.0,SAS,74.0,23.0,31.1,6.1,13.3,0.46,2.1,5.3,0.401,4.0,8.0,0.499,0.54,5.1,6.0,0.86,0.9,3.9,4.8,4.5,1.5,0.4,2.7,2.3,19.5,2008
13.0,Marc Gasol,21.7,0.558,0.016,0.41,4.9,21.8,13.4,19.7,1.4,4.0,12.2,24.6,5.5,4.7,10.2,0.182,2.7,2.4,5.1,4.8,"MVP-8,DPOY-10,AS,NBA1",C,30.0,MEM,81.0,81.0,33.2,6.5,13.2,0.494,0.0,0.2,0.176,6.5,13.0,0.5,0.496,4.3,5.4,0.795,1.4,6.4,7.8,3.8,0.9,1.6,2.2,2.6,17.4,2015
29.0,Marcin Gortat,21.2,0.578,0.003,0.326,10.0,25.0,17.6,4.8,1.2,3.4,9.3,20.8,4.9,2.7,7.6,0.172,2.2,0.0,2.2,2.3,,C,27.0,PHO,66.0,66.0,32.0,6.5,11.7,0.555,0.0,0.0,0.0,6.5,11.6,0.557,0.555,2.5,3.8,0.649,2.8,7.2,10.0,0.9,0.7,1.5,1.4,2.2,15.4,2012
108.0,Marcus Camby,20.9,0.559,0.014,0.388,11.5,29.0,20.5,4.5,1.7,5.2,8.5,17.0,4.8,5.5,10.3,0.233,2.0,2.5,4.6,3.5,,C,26.0,NYK,63.0,63.0,33.8,4.8,9.2,0.524,0.0,0.1,0.125,4.8,9.1,0.53,0.525,2.4,3.6,0.667,3.1,8.4,11.5,0.8,1.0,2.2,1.0,3.3,12.0,2001
241.0,Mark Williams,23.9,0.647,0.009,0.365,11.8,29.3,20.3,16.5,1.3,4.5,12.0,21.4,3.1,1.6,4.7,0.195,2.5,0.9,3.5,1.6,,C,23.0,CHO,44.0,41.0,26.6,6.1,10.2,0.604,0.0,0.1,0.0,6.1,10.1,0.609,0.604,3.0,3.7,0.804,3.0,7.2,10.2,2.5,0.7,1.2,1.6,2.4,15.3,2025
231.0,Marquis Daniels,20.1,0.536,0.088,0.19,6.7,8.6,7.6,17.4,2.6,0.9,9.0,20.6,2.7,0.4,3.2,0.146,2.7,-0.4,2.3,1.1,ROY-6,SG,23.0,DAL,56.0,15.0,18.6,3.6,7.3,0.494,0.2,0.6,0.306,3.4,6.7,0.512,0.507,1.1,1.4,0.769,1.2,1.4,2.6,2.1,0.9,0.2,0.8,0.9,8.5,2004
252.0,Marvin Bagley III,20.5,0.622,0.075,0.286,15.3,20.9,18.0,7.3,1.2,2.7,10.5,20.9,1.1,0.4,1.6,0.13,1.5,-1.2,0.3,0.3,,C,24.0,2TM,50.0,25.0,21.1,4.8,8.2,0.586,0.2,0.5,0.391,4.6,7.7,0.597,0.597,1.9,2.5,0.762,2.6,3.6,6.2,1.1,0.4,0.7,1.2,1.6,11.7,2024
97.0,Mason Plumlee,20.0,0.673,0.0,0.646,12.2,24.1,18.1,18.7,1.0,1.9,14.6,15.7,4.3,1.8,6.1,0.183,1.5,0.9,2.4,1.8,,C,32.0,2TM,79.0,60.0,26.0,4.2,6.1,0.68,0.0,0.0,,4.2,6.1,0.68,0.68,2.5,4.0,0.636,2.9,6.0,8.9,3.1,0.6,0.6,1.5,2.7,10.8,2023
109.0,Michael Jordan,20.7,0.468,0.04,0.252,2.7,16.2,9.4,30.8,2.2,0.9,9.9,36.0,1.2,2.1,3.3,0.075,3.2,-0.1,3.1,2.7,"MVP-13,AS",SF,38.0,WAS,60.0,53.0,34.9,9.2,22.1,0.416,0.2,0.9,0.189,9.0,21.2,0.426,0.42,4.4,5.6,0.79,0.8,4.8,5.7,5.2,1.4,0.4,2.7,2.0,22.9,2002
63.0,Michael Porter Jr.,20.6,0.663,0.468,0.164,5.4,20.9,13.2,5.6,1.0,2.8,8.1,21.7,4.8,2.1,6.9,0.173,4.0,-0.9,3.1,2.5,,SF,22.0,DEN,61.0,54.0,31.3,7.3,13.4,0.542,2.8,6.3,0.445,4.5,7.1,0.628,0.646,1.7,2.2,0.791,1.5,5.8,7.3,1.1,0.7,0.9,1.3,2.1,19.0,2021
121.0,Michael Redd,22.3,0.586,0.299,0.406,2.4,9.0,5.7,11.0,1.6,0.3,9.2,29.5,5.8,0.3,6.1,0.145,5.0,-2.0,3.0,2.5,,SF,27.0,MIL,53.0,53.0,38.4,9.0,19.3,0.465,2.2,5.8,0.382,6.8,13.6,0.501,0.522,6.5,7.8,0.829,0.8,2.9,3.7,2.3,1.2,0.2,2.3,1.5,26.7,2007
1.0,Mikal Bridges,21.3,0.607,0.36,0.356,2.9,11.7,7.4,12.9,1.4,1.5,7.8,30.3,1.7,0.8,2.5,0.133,4.0,-0.8,3.3,1.2,,SG,26.0,2TM,83.0,83.0,35.7,7.1,15.3,0.468,2.0,5.3,0.382,5.1,9.9,0.514,0.535,3.8,4.3,0.895,1.0,3.4,4.4,3.3,1.1,0.7,1.5,1.9,20.1,2023
64.0,Mike Conley,23.2,0.604,0.415,0.365,1.5,10.8,6.0,34.5,2.1,0.8,11.8,26.3,7.5,2.5,10.0,0.209,6.0,0.8,6.8,5.1,,PG,29.0,MEM,69.0,68.0,33.2,6.7,14.6,0.46,2.5,6.1,0.408,4.2,8.6,0.497,0.545,4.6,5.3,0.859,0.4,3.0,3.5,6.3,1.3,0.3,2.3,1.8,20.5,2017
165.0,Mitchell Robinson,23.5,0.726,0.0,0.434,13.7,18.8,16.2,3.9,1.8,8.0,8.3,13.3,4.8,2.0,6.8,0.23,1.6,1.4,2.9,1.8,,C,21.0,NYK,61.0,7.0,23.1,4.1,5.6,0.742,0.0,0.0,,4.1,5.6,0.742,0.742,1.4,2.4,0.568,3.0,4.0,7.0,0.6,0.9,2.0,0.6,3.2,9.7,2020
234.0,Montrezl Harrell,24.7,0.647,0.013,0.405,8.9,17.0,13.0,10.1,1.4,3.4,9.5,23.8,4.3,1.3,5.5,0.205,3.1,0.2,3.3,1.7,,C,24.0,LAC,76.0,3.0,17.0,4.6,7.2,0.635,0.0,0.1,0.143,4.6,7.1,0.641,0.636,1.8,2.9,0.626,1.4,2.7,4.0,1.0,0.5,0.7,0.9,1.9,11.0,2018
199.0,Moritz Wagner,20.6,0.676,0.208,0.37,9.6,19.3,14.4,11.2,1.4,1.4,13.1,22.8,3.5,2.0,5.6,0.188,1.7,0.3,2.0,1.4,,C,26.0,ORL,80.0,1.0,17.7,4.2,6.9,0.601,0.5,1.4,0.33,3.7,5.5,0.673,0.636,2.1,2.6,0.814,1.5,2.9,4.3,1.2,0.5,0.3,1.2,2.0,10.9,2024
140.0,Myles Turner,20.0,0.651,0.34,0.377,5.4,22.9,14.2,7.5,0.9,6.6,10.8,22.0,3.4,2.0,5.4,0.142,1.4,0.7,2.1,1.9,,C,26.0,IND,62.0,62.0,29.4,6.5,11.8,0.548,1.5,4.0,0.373,5.0,7.8,0.638,0.612,3.5,4.5,0.783,1.4,6.1,7.5,1.4,0.6,2.3,1.7,3.5,18.0,2023
259.0,Nazr Mohammed,20.3,0.532,0.004,0.349,15.0,24.3,19.6,4.4,1.7,2.8,14.5,23.7,1.0,1.0,2.0,0.133,0.7,-1.5,-0.9,0.2,,C,23.0,2TM,58.0,22.0,15.7,3.0,6.4,0.477,0.0,0.0,0.0,3.0,6.3,0.478,0.477,1.5,2.2,0.706,2.0,3.3,5.3,0.3,0.5,0.6,1.1,1.9,7.6,2001
85.0,NenÃª,20.4,0.657,0.008,0.615,7.5,20.8,14.4,10.4,1.8,2.4,13.9,18.8,6.4,3.1,9.6,0.201,2.1,1.5,3.6,3.2,,C,28.0,DEN,75.0,75.0,30.5,5.4,8.7,0.615,0.0,0.1,0.2,5.3,8.7,0.618,0.615,3.8,5.4,0.711,1.9,5.7,7.6,2.0,1.1,1.0,1.8,3.2,14.5,2011
272.0,Nerlens Noel,20.8,0.634,0.006,0.36,9.0,19.2,14.1,9.0,3.7,3.7,12.5,17.8,1.1,1.0,2.2,0.184,0.4,2.8,3.2,0.7,,C,22.0,2TM,51.0,19.0,20.5,3.6,6.1,0.595,0.0,0.0,0.0,3.6,6.0,0.597,0.595,1.5,2.2,0.694,1.8,3.9,5.8,1.0,1.3,1.0,1.0,2.5,8.7,2017
61.0,Nic Claxton,20.8,0.691,0.003,0.419,9.3,25.1,17.4,9.3,1.4,7.1,12.1,15.4,5.2,4.0,9.2,0.195,0.9,2.2,3.1,2.9,DPOY-9,C,23.0,BRK,76.0,76.0,29.9,5.4,7.7,0.705,0.0,0.0,0.0,5.4,7.7,0.708,0.705,1.8,3.2,0.541,2.4,6.8,9.2,1.9,0.9,2.5,1.3,2.8,12.6,2023
18.0,Nikola JokiÄ,32.8,0.661,0.22,0.357,9.6,35.5,23.0,42.6,2.2,2.3,15.6,31.9,10.8,4.5,15.2,0.296,9.2,4.5,13.7,9.8,"MVP-1,AS,NBA1",C,26.0,DEN,74.0,74.0,33.5,10.3,17.7,0.583,1.3,3.9,0.337,9.0,13.8,0.652,0.62,5.1,6.3,0.81,2.8,11.0,13.8,7.9,1.5,0.9,3.8,2.6,27.1,2022
197.0,Nikola MirotiÄ,22.0,0.624,0.533,0.262,3.0,25.3,13.7,11.0,1.2,1.9,8.4,25.7,1.5,0.6,2.0,0.158,4.9,-0.3,4.6,1.0,,PF,26.0,2TM,55.0,14.0,27.2,5.6,12.4,0.447,2.5,6.5,0.377,3.1,5.9,0.525,0.546,2.0,2.5,0.818,1.1,6.3,7.4,1.5,0.8,0.7,1.1,2.0,15.6,2018
184.0,Nikola PekoviÄ,21.4,0.607,0.0,0.412,15.8,14.6,15.2,4.6,1.2,1.8,14.0,21.9,3.6,0.9,4.5,0.17,2.3,-1.3,1.0,1.0,,C,26.0,MIN,47.0,35.0,26.9,5.4,9.7,0.564,0.0,0.0,,5.4,9.7,0.564,0.564,3.0,4.0,0.743,3.9,3.5,7.4,0.7,0.6,0.7,1.9,2.1,13.9,2012
33.0,Nikola VuÄeviÄ,25.5,0.573,0.171,0.168,9.4,31.9,20.5,21.9,1.6,3.0,9.9,28.0,5.4,4.7,10.1,0.193,5.0,1.7,6.6,5.5,AS,C,28.0,ORL,80.0,80.0,31.4,8.8,16.9,0.518,1.1,2.9,0.364,7.7,14.0,0.549,0.549,2.2,2.8,0.789,2.8,9.2,12.0,3.8,1.0,1.1,2.0,2.0,20.8,2019
186.0,Norman Powell,27.1,0.682,0.381,0.556,2.6,9.1,5.9,19.5,0.8,2.7,8.2,30.0,0.6,0.1,0.7,0.272,7.8,-0.1,7.7,0.3,,SG,28.0,2TM,45.0,41.0,32.4,6.2,13.4,0.461,2.4,5.6,0.419,3.8,7.8,0.491,0.549,4.2,5.2,0.811,0.4,2.8,3.2,2.1,0.9,0.5,1.5,2.4,19.0,2022
165.0,Paolo Banchero,20.0,0.551,0.299,0.423,3.5,22.4,12.5,26.0,1.1,1.7,11.2,33.6,1.1,2.4,3.5,0.106,3.4,0.2,3.5,2.2,,PF,22.0,ORL,46.0,46.0,34.4,9.0,19.8,0.452,1.9,5.9,0.32,7.1,13.9,0.509,0.5,6.1,8.4,0.727,1.1,6.4,7.5,4.8,0.8,0.6,3.0,2.1,25.9,2025
15.0,Pascal Siakam,20.7,0.602,0.156,0.267,7.4,20.3,13.9,16.5,1.1,0.9,7.4,25.2,3.0,0.9,3.9,0.143,3.0,-0.5,2.5,1.5,,PF,29.0,2TM,80.0,80.0,33.2,8.5,15.9,0.536,1.1,3.1,0.346,7.5,12.8,0.581,0.569,3.6,5.0,0.732,1.7,5.3,7.1,4.3,0.8,0.3,1.8,2.4,21.7,2024
108.0,Pau Gasol,24.1,0.593,0.013,0.466,8.3,24.2,16.3,17.7,0.7,4.5,13.5,25.3,5.4,1.5,6.9,0.155,3.7,-0.1,3.6,3.0,,C,26.0,MEM,59.0,59.0,36.2,7.8,14.5,0.538,0.1,0.2,0.273,7.8,14.4,0.542,0.54,5.1,6.8,0.748,2.5,7.3,9.8,3.4,0.5,2.1,2.7,2.3,20.8,2007
5.0,Paul George,23.3,0.583,0.469,0.335,3.7,19.6,11.4,17.7,2.8,1.0,10.0,29.5,7.0,4.9,11.9,0.201,5.6,1.6,7.2,6.6,"MVP-3,DPOY-3,AS,NBA1,DEF1",SF,28.0,OKC,77.0,77.0,36.9,9.2,21.0,0.438,3.8,9.8,0.386,5.4,11.1,0.484,0.529,5.9,7.0,0.839,1.4,6.8,8.2,4.1,2.2,0.4,2.7,2.8,28.0,2019
31.0,Paul Millsap,21.8,0.545,0.036,0.296,9.7,21.2,15.4,12.4,2.9,2.0,10.3,23.2,4.9,2.9,7.8,0.179,2.6,1.3,3.9,3.1,,PF,26.0,UTA,64.0,62.0,32.8,6.7,13.5,0.495,0.1,0.5,0.226,6.5,13.0,0.505,0.499,3.2,4.0,0.792,2.8,6.0,8.8,2.3,1.8,0.8,1.8,3.5,16.6,2012
17.0,Paul Pierce,23.6,0.582,0.215,0.555,3.1,17.5,10.5,23.4,1.8,0.8,13.0,31.2,8.3,3.2,11.5,0.178,5.0,-0.2,4.8,5.3,AS,SF,28.0,BOS,79.0,79.0,39.0,8.7,18.5,0.471,1.4,4.0,0.354,7.3,14.5,0.503,0.509,7.9,10.3,0.772,1.0,5.7,6.7,4.7,1.4,0.4,3.5,2.8,26.8,2006
2.0,Peja StojakoviÄ,21.8,0.624,0.4,0.307,3.2,14.1,8.8,9.1,1.7,0.3,8.9,23.9,11.4,2.1,13.5,0.198,5.2,-1.3,3.9,4.9,"MVP-4,AS,NBA2",SF,26.0,SAC,81.0,81.0,40.3,8.2,17.1,0.48,3.0,6.8,0.433,5.2,10.3,0.511,0.566,4.9,5.2,0.927,1.1,5.1,6.3,2.1,1.3,0.2,1.9,2.0,24.2,2004
78.0,Rashard Lewis,20.7,0.587,0.385,0.313,4.6,15.7,10.1,10.8,1.5,1.3,9.4,24.4,6.3,1.3,7.6,0.155,4.8,-0.7,4.1,3.6,,SF,27.0,SEA,60.0,60.0,39.1,7.7,16.8,0.461,2.5,6.5,0.39,5.2,10.3,0.505,0.536,4.4,5.3,0.841,1.5,5.1,6.6,2.4,1.1,0.7,2.0,2.4,22.4,2007
28.0,Rasheed Wallace,20.9,0.56,0.138,0.272,6.2,17.9,12.2,12.9,1.6,3.4,10.7,23.4,6.8,4.2,11.0,0.18,3.3,1.1,4.4,4.8,AS,PF,26.0,POR,77.0,75.0,38.2,7.7,15.3,0.501,0.7,2.1,0.321,7.0,13.2,0.53,0.523,3.2,4.2,0.766,1.9,5.9,7.8,2.8,1.2,1.8,2.1,2.7,19.2,2001
29.0,Ray Allen,23.3,0.567,0.396,0.268,4.7,11.4,8.0,27.3,2.1,0.2,11.5,27.7,3.8,1.0,4.8,0.193,6.4,0.2,6.6,2.6,,SG,27.0,2TM,76.0,75.0,37.9,7.9,17.9,0.439,2.6,7.0,0.377,5.2,10.9,0.478,0.512,4.2,4.5,0.916,1.2,3.8,5.0,4.4,1.4,0.2,2.6,2.9,22.5,2003
245.0,Richaun Holmes,20.7,0.647,0.0,0.479,10.6,20.5,15.5,7.9,1.7,5.6,10.5,17.9,3.1,1.1,4.3,0.173,0.1,0.5,0.6,0.8,,C,25.0,PHO,70.0,4.0,16.9,3.2,5.2,0.608,0.0,0.0,,3.2,5.2,0.608,0.608,1.8,2.5,0.731,1.6,3.1,4.7,0.9,0.6,1.1,0.7,2.8,8.2,2019
256.0,Robert Williams,25.7,0.719,0.008,0.283,14.9,25.6,20.2,14.2,2.1,8.6,15.2,15.0,3.4,1.9,5.3,0.258,2.9,3.1,6.0,2.0,,C,23.0,BOS,52.0,13.0,18.9,3.6,5.0,0.721,0.0,0.0,0.0,3.6,4.9,0.727,0.721,0.9,1.4,0.616,2.6,4.3,6.9,1.8,0.8,1.8,1.0,2.0,8.0,2021
74.0,Rudy Gobert,24.7,0.732,0.008,0.864,12.9,36.3,25.0,5.1,1.0,5.7,14.5,16.9,7.3,4.3,11.7,0.264,2.9,1.7,4.6,3.6,"DPOY-3,AS,DEF1",C,29.0,UTA,66.0,66.0,32.1,5.5,7.7,0.713,0.0,0.1,0.0,5.5,7.6,0.718,0.713,4.6,6.7,0.69,3.7,11.0,14.7,1.1,0.7,2.1,1.8,2.7,15.6,2022
8.0,Russell Westbrook,30.6,0.554,0.3,0.433,5.4,28.8,17.1,57.3,2.3,0.9,15.9,41.7,8.5,4.6,13.1,0.224,8.7,2.4,11.1,9.3,"MVP-1,AS,NBA1",PG,28.0,OKC,81.0,81.0,34.6,10.2,24.0,0.425,2.5,7.2,0.343,7.7,16.8,0.459,0.476,8.8,10.4,0.845,1.7,9.0,10.7,10.4,1.6,0.4,5.4,2.3,31.6,2017
50.0,Ryan Anderson,21.2,0.589,0.557,0.226,13.0,14.7,13.8,5.1,1.4,1.0,6.4,21.2,7.0,1.9,8.9,0.219,5.2,-1.1,4.0,3.0,MIP-1,PF,23.0,ORL,61.0,61.0,32.2,5.4,12.4,0.439,2.7,6.9,0.393,2.7,5.5,0.496,0.548,2.5,2.8,0.877,3.7,4.0,7.7,0.9,0.8,0.4,0.9,2.4,16.1,2012
34.0,Sam Cassell,22.8,0.566,0.146,0.261,1.9,8.7,5.5,38.0,1.9,0.5,13.5,27.2,8.8,3.3,12.1,0.205,4.1,0.3,4.4,4.6,"MVP-10,AS,NBA2",PG,34.0,MIN,81.0,81.0,35.0,7.7,15.7,0.488,0.9,2.3,0.398,6.7,13.4,0.504,0.517,3.6,4.1,0.873,0.5,2.8,3.3,7.3,1.3,0.2,2.7,3.0,19.8,2004
369.0,Shabazz Muhammad,31.0,0.624,0.119,0.284,8.0,23.0,15.5,11.8,1.7,0.7,1.3,29.5,0.6,0.1,0.7,0.271,7.0,-1.0,6.0,0.2,,SG,25.0,2TM,43.0,2.0,9.7,2.0,4.4,0.447,0.2,0.6,0.259,1.8,3.7,0.478,0.465,0.9,1.2,0.78,0.5,1.2,1.8,0.3,0.2,0.1,0.1,0.7,5.0,2018
18.0,Shai Gilgeous-Alexander,30.7,0.637,0.263,0.404,2.8,12.6,7.8,31.3,2.4,3.0,8.6,34.8,11.9,4.8,16.7,0.309,8.9,2.6,11.5,8.9,,PG,26.0,OKC,76.0,76.0,34.2,11.3,21.8,0.519,2.1,5.7,0.375,9.2,16.1,0.571,0.569,7.9,8.8,0.898,0.9,4.1,5.0,6.4,1.7,1.0,2.4,2.2,32.7,2025
7.0,Shaquille O'Neal,30.6,0.578,0.001,0.495,11.5,24.8,18.3,19.3,0.6,5.3,9.9,31.2,11.7,7.0,18.6,0.283,7.3,2.0,9.3,9.0,"MVP-1,DPOY-2,AS,NBA1,DEF2",C,27.0,LAL,79.0,79.0,40.0,12.1,21.1,0.574,0.0,0.0,0.0,12.1,21.1,0.575,0.574,5.5,10.4,0.524,4.3,9.4,13.6,3.8,0.5,3.0,2.8,3.2,29.7,2000
51.0,Shareef Abdur-Rahim,21.2,0.568,0.029,0.423,8.2,20.3,14.3,12.6,1.2,0.7,12.3,24.8,5.3,1.3,6.6,0.163,3.3,-1.0,2.3,2.1,,PF,27.0,2TM,85.0,56.0,31.6,5.9,12.4,0.475,0.1,0.4,0.265,5.8,12.0,0.482,0.48,4.4,5.0,0.869,2.2,5.3,7.5,2.0,0.8,0.4,2.2,2.6,16.3,2004
6.0,Shawn Marion,23.6,0.591,0.212,0.218,8.7,23.6,16.3,6.8,2.5,2.9,7.7,22.3,8.6,5.9,14.6,0.214,3.5,1.3,4.8,5.6,"MVP-10,DPOY-7,AS,NBA3",PF,27.0,PHO,81.0,81.0,40.3,8.8,16.9,0.525,1.2,3.6,0.331,7.7,13.3,0.577,0.56,3.0,3.7,0.809,3.1,8.8,11.8,1.8,2.0,1.7,1.5,2.8,21.8,2006
20.0,Stephen Curry,31.5,0.669,0.554,0.25,2.9,13.6,8.6,33.7,3.0,0.4,12.9,32.6,13.8,4.1,17.9,0.318,10.3,1.6,11.9,9.5,"MVP-1,AS,NBA1",PG,27.0,GSW,79.0,79.0,34.2,10.2,20.2,0.504,5.1,11.2,0.454,5.1,9.0,0.566,0.63,4.6,5.1,0.908,0.9,4.6,5.4,6.7,2.1,0.2,3.3,2.0,30.1,2016
64.0,Stephon Marbury,22.7,0.54,0.262,0.359,2.3,7.0,4.6,40.8,1.6,0.1,11.8,29.7,7.2,0.7,7.8,0.147,5.9,-1.6,4.3,4.1,AS,PG,23.0,NJN,67.0,67.0,38.2,8.4,19.1,0.441,1.6,5.0,0.328,6.8,14.1,0.481,0.484,5.4,6.8,0.79,0.8,2.3,3.1,7.6,1.2,0.1,2.9,2.2,23.9,2001
9.0,Steve Francis,21.6,0.563,0.276,0.359,7.1,12.8,10.0,28.4,2.3,0.7,15.8,24.2,9.2,3.0,12.2,0.184,4.5,0.5,5.0,5.7,,PG,23.0,HOU,80.0,79.0,39.9,6.9,15.2,0.451,1.7,4.2,0.396,5.2,11.0,0.472,0.506,4.5,5.5,0.817,2.4,4.5,6.9,6.5,1.8,0.4,3.3,3.4,19.9,2001
37.0,Steve Nash,23.8,0.654,0.353,0.254,1.4,9.9,5.8,50.1,1.1,0.2,21.0,22.9,10.8,1.7,12.6,0.225,6.7,-0.8,5.9,5.3,"MVP-2,AS,NBA1",PG,32.0,PHO,76.0,76.0,35.3,6.8,12.8,0.532,2.1,4.5,0.455,4.8,8.3,0.575,0.613,2.9,3.3,0.899,0.4,3.1,3.5,11.6,0.8,0.1,3.8,1.5,18.6,2007
35.0,Steven Adams,20.6,0.63,0.003,0.402,16.6,13.9,15.3,5.5,1.8,2.8,13.3,16.7,6.7,3.0,9.7,0.187,1.7,-0.6,1.1,2.0,DPOY-12,C,24.0,OKC,76.0,76.0,32.7,5.9,9.4,0.629,0.0,0.0,0.0,5.9,9.3,0.631,0.629,2.1,3.8,0.559,5.1,4.0,9.0,1.2,1.2,1.0,1.7,2.8,13.9,2018
242.0,T.J. Ford,20.3,0.533,0.097,0.239,2.3,7.7,4.9,44.4,2.4,0.0,15.0,26.8,2.1,1.1,3.3,0.13,2.8,-0.3,2.5,1.4,,PG,24.0,TOR,51.0,26.0,23.5,4.8,10.3,0.469,0.3,1.0,0.294,4.5,9.3,0.488,0.484,2.2,2.5,0.88,0.5,1.5,2.0,6.1,1.1,0.0,2.0,1.8,12.1,2008
216.0,T.J. McConnell,20.9,0.586,0.074,0.105,3.2,13.6,8.4,41.8,2.6,0.5,14.8,23.7,2.8,1.1,3.9,0.143,2.9,0.1,3.0,1.6,6MOY-7,PG,31.0,IND,71.0,4.0,18.2,4.6,8.4,0.556,0.3,0.6,0.409,4.4,7.7,0.568,0.572,0.7,0.9,0.79,0.5,2.2,2.7,5.5,1.0,0.1,1.5,1.1,10.2,2024
56.0,Terrell Brandon,20.8,0.535,0.127,0.2,2.0,8.8,5.4,39.1,2.7,0.8,14.0,23.0,5.8,2.8,8.6,0.159,3.9,0.3,4.3,4.1,,PG,29.0,MIN,71.0,71.0,36.4,6.8,14.7,0.466,0.7,1.9,0.402,6.1,12.8,0.476,0.492,2.6,2.9,0.899,0.6,2.7,3.4,8.9,1.9,0.4,2.6,2.2,17.1,2000
109.0,Thaddeus Young,20.3,0.578,0.068,0.171,11.4,16.9,14.2,27.1,2.2,2.1,16.1,22.3,2.8,2.2,5.1,0.147,1.9,1.4,3.3,2.2,6MOY-14,PF,32.0,CHI,68.0,23.0,24.3,5.4,9.7,0.559,0.2,0.7,0.267,5.3,9.1,0.58,0.568,1.0,1.7,0.628,2.5,3.8,6.2,4.3,1.1,0.6,2.0,2.2,12.1,2021
256.0,Thomas Bryant,21.5,0.712,0.166,0.359,8.5,25.1,17.1,5.0,0.8,2.2,7.4,18.2,2.7,1.2,3.8,0.211,2.4,-0.1,2.3,0.9,,C,25.0,2TM,59.0,26.0,18.3,3.9,6.3,0.623,0.4,1.0,0.441,3.5,5.3,0.658,0.659,1.6,2.1,0.738,1.5,4.3,5.7,0.5,0.3,0.5,0.6,1.7,9.8,2023
207.0,Tiago Splitter,20.5,0.649,0.0,0.528,9.7,21.4,15.7,9.2,1.0,3.0,17.1,20.7,3.0,1.6,4.6,0.197,0.9,1.1,2.0,1.1,,C,27.0,SAS,59.0,2.0,19.0,3.6,5.8,0.618,0.0,0.0,,3.6,5.8,0.618,0.618,2.1,3.1,0.691,1.6,3.6,5.2,1.1,0.4,0.8,1.5,2.3,9.3,2012
66.0,Tim Duncan,27.1,0.534,0.01,0.498,10.2,27.6,19.0,17.4,1.3,5.3,11.3,29.7,5.9,7.2,13.1,0.249,5.2,3.3,8.5,6.7,"MVP-2,DPOY-7,AS,NBA1,DEF2",PF,27.0,SAS,69.0,68.0,36.6,8.6,17.1,0.501,0.0,0.2,0.167,8.6,16.9,0.505,0.502,5.1,8.5,0.599,3.3,9.2,12.4,3.1,0.9,2.7,2.7,2.4,22.3,2004
45.0,Tobias Harris,20.0,0.597,0.225,0.221,3.5,19.2,11.4,17.6,1.3,2.3,9.5,23.9,4.1,3.1,7.1,0.17,2.9,0.8,3.7,2.9,,PF,28.0,PHI,62.0,62.0,32.5,7.6,14.9,0.512,1.3,3.4,0.394,6.3,11.5,0.546,0.556,2.9,3.3,0.892,1.0,5.8,6.8,3.5,0.9,0.8,1.7,1.9,19.5,2021
166.0,Toni KukoÄ,21.8,0.59,0.313,0.286,3.4,14.2,8.7,32.5,1.1,0.6,15.2,24.2,1.8,0.4,2.2,0.17,5.5,-0.7,4.8,1.1,,SF,32.0,2TM,65.0,19.0,24.6,4.2,9.0,0.473,1.1,2.4,0.446,3.2,6.5,0.482,0.533,1.6,2.5,0.631,1.0,3.0,4.0,3.1,0.7,0.2,1.7,1.5,11.1,2001
314.0,Tony Bradley,21.7,0.681,0.016,0.243,19.1,25.0,22.2,5.4,1.0,4.1,12.5,15.8,2.2,1.1,3.3,0.236,1.0,0.3,1.3,0.6,,C,22.0,UTA,58.0,3.0,11.4,2.2,3.3,0.667,0.1,0.1,1.0,2.1,3.2,0.661,0.675,0.5,0.8,0.652,1.9,2.7,4.6,0.4,0.2,0.6,0.5,2.0,4.9,2020
72.0,Tony Parker,23.4,0.556,0.051,0.287,1.3,9.4,5.4,40.1,1.5,0.1,11.6,31.7,5.6,3.0,8.6,0.168,3.8,-0.2,3.6,3.5,"MVP-8,AS,NBA3",PG,26.0,SAS,72.0,71.0,34.1,8.9,17.5,0.506,0.3,0.9,0.292,8.6,16.6,0.518,0.513,3.9,5.0,0.782,0.4,2.7,3.1,6.9,0.9,0.1,2.6,1.5,22.0,2009
24.0,Tracy McGrady,30.3,0.564,0.247,0.4,4.6,14.6,9.5,30.0,2.2,1.5,8.4,35.2,13.2,2.9,16.1,0.262,9.8,0.7,10.5,9.3,"MVP-4,AS,NBA1",SG,23.0,ORL,75.0,74.0,39.4,11.1,24.2,0.457,2.3,6.0,0.386,8.7,18.2,0.481,0.505,7.7,9.7,0.793,1.6,4.9,6.5,5.5,1.7,0.8,2.6,2.1,32.1,2003
8.0,Trae Young,25.4,0.603,0.395,0.358,2.1,9.6,5.9,46.7,1.3,0.2,14.5,34.4,9.0,1.0,10.0,0.181,7.1,-2.0,5.2,4.8,"AS,NBA3",PG,23.0,ATL,76.0,76.0,34.9,9.4,20.3,0.46,3.1,8.0,0.382,6.3,12.3,0.512,0.536,6.6,7.3,0.904,0.7,3.1,3.7,9.7,0.9,0.1,4.0,1.7,28.4,2022
240.0,Trayce Jackson-Davis,21.6,0.692,0.003,0.398,13.1,19.4,16.3,10.4,1.2,6.1,11.2,16.4,3.2,1.6,4.8,0.205,1.5,1.2,2.8,1.4,,PF,23.0,GSW,68.0,16.0,16.6,3.4,4.9,0.702,0.0,0.0,0.0,3.4,4.9,0.704,0.702,1.1,1.9,0.561,2.0,3.0,5.0,1.2,0.4,1.1,0.7,1.6,7.9,2024
197.0,Ty Jerome,21.0,0.643,0.409,0.239,4.0,9.3,6.7,24.5,2.7,0.2,11.9,23.6,4.2,1.8,5.9,0.204,3.5,0.8,4.3,2.2,,SG,27.0,CLE,70.0,3.0,19.9,4.6,8.8,0.516,1.6,3.6,0.439,3.0,5.2,0.57,0.606,1.8,2.1,0.872,0.7,1.8,2.5,3.4,1.1,0.0,1.3,1.5,12.5,2025
177.0,Tyreke Evans,21.1,0.561,0.354,0.258,3.1,16.3,9.5,31.2,1.8,1.0,11.5,28.4,3.1,1.2,4.2,0.126,4.9,-0.5,4.5,2.6,,PG,28.0,MEM,52.0,32.0,30.9,7.0,15.6,0.452,2.2,5.5,0.399,4.8,10.1,0.482,0.523,3.2,4.0,0.785,0.8,4.3,5.1,5.2,1.1,0.3,2.3,1.8,19.4,2018
131.0,Tyrese Haliburton,23.6,0.624,0.478,0.239,1.9,10.1,6.0,47.6,2.3,1.1,13.2,23.8,6.4,1.2,7.6,0.195,7.0,0.2,7.2,4.4,AS,PG,22.0,IND,56.0,56.0,33.6,7.4,15.0,0.49,2.9,7.2,0.4,4.5,7.8,0.572,0.586,3.1,3.6,0.871,0.6,3.1,3.7,10.4,1.6,0.4,2.5,1.2,20.7,2023
63.0,Tyson Chandler,20.1,0.697,0.0,0.584,14.1,27.4,20.7,5.3,0.9,3.2,16.0,12.8,7.2,3.1,10.3,0.216,2.4,0.2,2.6,2.7,,C,32.0,DAL,75.0,75.0,30.5,3.9,5.9,0.666,0.0,0.0,,3.9,5.9,0.666,0.666,2.5,3.4,0.72,3.9,7.6,11.5,1.1,0.6,1.2,1.4,2.3,10.3,2015
28.0,Victor Oladipo,23.1,0.577,0.323,0.274,2.1,15.1,8.6,21.2,3.5,2.0,12.7,30.1,4.3,4.0,8.2,0.155,4.1,1.7,5.8,5.0,"MVP-13,DPOY-15,MIP-1,AS,NBA3,DEF1",SG,25.0,IND,75.0,75.0,34.0,8.5,17.9,0.477,2.1,5.8,0.371,6.4,12.1,0.528,0.537,3.9,4.9,0.799,0.6,4.6,5.2,4.3,2.4,0.8,2.9,2.3,23.1,2018
172.0,Victor Wembanyama,24.2,0.594,0.47,0.221,5.7,29.8,17.7,18.3,1.6,10.4,13.7,30.4,1.0,2.8,3.8,0.118,3.6,2.9,6.5,3.3,,C,21.0,SAS,46.0,46.0,33.2,8.9,18.6,0.476,3.1,8.8,0.352,5.8,9.9,0.586,0.559,3.4,4.1,0.836,1.8,9.2,11.0,3.7,1.1,3.8,3.2,2.3,24.3,2025
24.0,Vince Carter,25.0,0.551,0.24,0.303,6.5,9.3,7.9,19.2,2.0,1.9,8.2,30.7,10.3,2.6,12.9,0.208,7.6,0.1,7.6,7.2,"MVP-11,AS,NBA2",SF,24.0,TOR,75.0,75.0,39.7,10.2,22.1,0.46,2.2,5.3,0.408,8.0,16.8,0.477,0.509,5.1,6.7,0.765,2.3,3.2,5.5,3.9,1.5,1.1,2.2,2.7,27.6,2001
160.0,Walker Kessler,21.5,0.702,0.007,0.384,14.9,24.4,19.7,5.7,0.7,8.6,10.7,13.3,4.6,2.5,7.1,0.2,1.4,1.5,2.9,2.1,ROY-3,C,21.0,UTA,74.0,40.0,23.0,4.0,5.6,0.72,0.0,0.0,0.333,4.0,5.6,0.723,0.721,1.1,2.1,0.516,3.1,5.3,8.4,0.9,0.4,2.3,0.8,2.3,9.2,2023
229.0,Willie Cauley-Stein,22.2,0.684,0.022,0.2,8.8,31.0,20.1,9.6,1.2,6.0,9.3,14.7,0.5,0.3,0.7,0.222,0.9,2.2,3.1,0.2,,C,26.0,2TM,54.0,39.0,20.3,3.2,5.6,0.579,0.0,0.0,0.0,3.2,5.6,0.581,0.579,0.7,1.2,0.606,1.6,4.3,5.8,1.3,0.9,1.1,0.7,2.2,7.2,2020
355.0,Willy HernangÃ³mez,25.0,0.612,0.084,0.747,15.8,32.4,24.0,7.1,1.9,2.9,7.5,19.7,1.0,0.4,1.5,0.266,2.7,0.1,2.8,0.3,,C,23.0,2TM,48.0,1.0,10.3,1.9,3.4,0.555,0.1,0.3,0.417,1.8,3.2,0.566,0.57,1.2,1.9,0.656,1.3,2.5,3.8,0.7,0.4,0.3,0.7,1.3,5.1,2018
179.0,Yao Ming,26.5,0.601,0.002,0.504,7.2,24.7,16.0,12.3,0.6,4.5,14.3,33.5,4.0,3.4,7.4,0.22,3.1,1.9,5.0,2.8,"DPOY-24,AS,NBA2",C,26.0,HOU,48.0,48.0,33.8,8.8,17.1,0.516,0.0,0.0,0.0,8.8,17.0,0.518,0.516,7.4,8.6,0.862,2.1,7.3,9.4,2.0,0.4,2.0,3.5,3.3,25.0,2007
43.0,Zach LaVine,21.5,0.634,0.425,0.265,2.0,13.6,7.9,23.4,1.1,1.2,13.9,31.0,4.0,1.8,5.9,0.138,4.9,-0.8,4.0,3.1,AS,SG,25.0,CHI,58.0,58.0,35.1,9.8,19.4,0.507,3.4,8.2,0.419,6.4,11.1,0.571,0.596,4.4,5.1,0.849,0.6,4.4,5.0,4.9,0.8,0.5,3.5,2.4,27.4,2021
70.0,Zach Randolph,22.8,0.537,0.037,0.374,10.0,25.6,17.6,12.8,1.2,0.5,12.6,33.1,3.8,1.9,5.7,0.112,3.4,-1.8,1.6,2.2,,PF,25.0,POR,68.0,67.0,35.7,8.8,18.9,0.467,0.2,0.7,0.292,8.6,18.2,0.473,0.472,5.8,7.1,0.819,2.9,7.2,10.1,2.2,0.8,0.2,3.2,2.7,23.6,2007
44.0,Zion Williamson,27.1,0.649,0.033,0.51,8.9,14.7,11.8,19.7,1.3,1.8,11.6,29.8,7.1,1.6,8.7,0.205,6.1,-0.3,5.8,4.0,AS,PF,20.0,NOP,61.0,61.0,33.2,10.4,17.0,0.611,0.2,0.6,0.294,10.2,16.4,0.622,0.616,6.0,8.7,0.698,2.7,4.5,7.2,3.7,0.9,0.6,2.7,2.2,27.0,2021
96.0,Zydrunas Ilgauskas,21.9,0.576,0.006,0.427,12.6,18.1,15.3,7.4,0.9,4.6,12.8,24.6,5.6,3.1,8.7,0.184,1.4,0.2,1.6,2.1,,C,30.0,CLE,78.0,78.0,29.3,5.8,11.4,0.506,0.0,0.1,0.0,5.8,11.3,0.509,0.506,4.1,4.9,0.834,3.1,4.4,7.6,1.2,0.5,1.7,2.0,3.6,15.6,2006
