Rk,Player,PER,TS%,3PAr,FTr,ORB%,DRB%,TRB%,AST%,STL%,BLK%,TOV%,USG%,OWS,DWS,WS,WS/48,OBPM,DBPM,BPM,VORP,Awards,Pos,Age,Team,G,GS,MP,FG,FGA,FG%,3P,3PA,3P%,2P,2PA,2P%,eFG%,FT,FTA,FT%,ORB,DRB,TRB,AST,STL,BLK,TOV,PF,PTS,Season,PER_norm,WS_norm,BPM_norm,VORP_norm,PTS_norm,score
7.0,LeBron James,31.7,0.591,0.238,0.472,4.3,19.0,11.9,38.0,2.4,2.4,11.0,33.8,13.7,6.5,20.3,0.318,9.5,3.7,13.2,11.8,"MVP-1,DPOY-2,AS,NBA1,DEF1",SF,24.0,CLE,81.0,81.0,37.7,9.7,19.9,0.489,1.6,4.7,0.344,8.1,15.2,0.535,0.53,7.3,9.4,0.78,1.3,6.3,7.6,7.2,1.7,1.1,3.0,1.7,28.4,2009,0.29104477611940294,1.0,0.590443686006826,1.0,0.7721893491124259,0.6117255825603689
20.0,Stephen Curry,31.5,0.669,0.554,0.25,2.9,13.6,8.6,33.7,3.0,0.4,12.9,32.6,13.8,4.1,17.9,0.318,10.3,1.6,11.9,9.5,"MVP-1,AS,NBA1",PG,27.0,GSW,79.0,79.0,34.2,10.2,20.2,0.504,5.1,11.2,0.454,5.1,9.0,0.566,0.63,4.6,5.1,0.908,0.9,4.6,5.4,6.7,2.1,0.2,3.3,2.0,30.1,2016,0.2860696517412935,0.8811881188118811,0.5460750853242321,0.8067226890756302,0.8224852071005916,0.5628012911413622
18.0,Nikola JokiÄ,32.8,0.661,0.22,0.357,9.6,35.5,23.0,42.6,2.2,2.3,15.6,31.9,10.8,4.5,15.2,0.296,9.2,4.5,13.7,9.8,"MVP-1,AS,NBA1",C,26.0,DEN,74.0,74.0,33.5,10.3,17.7,0.583,1.3,3.9,0.337,9.0,13.8,0.652,0.62,5.1,6.3,0.81,2.8,11.0,13.8,7.9,1.5,0.9,3.8,2.6,27.1,2022,0.31840796019900486,0.7475247524752475,0.6075085324232081,0.8319327731092437,0.7337278106508875,0.5549358994353062
1.0,Kevin Durant,29.8,0.635,0.291,0.477,2.2,18.6,10.8,26.7,1.7,1.5,12.2,33.0,14.8,4.4,19.2,0.295,8.8,1.4,10.2,9.6,"MVP-1,AS,NBA1",SF,25.0,OKC,81.0,81.0,38.5,10.5,20.8,0.503,2.4,6.1,0.391,8.1,14.8,0.549,0.56,8.7,9.9,0.873,0.7,6.7,7.4,5.5,1.3,0.7,3.5,2.1,32.0,2014,0.24378109452736318,0.9455445544554455,0.4880546075085324,0.815126050420168,0.8786982248520708,0.5536146977309647
18.0,Shai Gilgeous-Alexander,30.7,0.637,0.263,0.404,2.8,12.6,7.8,31.3,2.4,3.0,8.6,34.8,11.9,4.8,16.7,0.309,8.9,2.6,11.5,8.9,,PG,26.0,OKC,76.0,76.0,34.2,11.3,21.8,0.519,2.1,5.7,0.375,9.2,16.1,0.571,0.569,7.9,8.8,0.898,0.9,4.1,5.0,6.4,1.7,1.0,2.4,2.2,32.7,2025,0.2661691542288557,0.8217821782178217,0.5324232081911263,0.7563025210084033,0.8994082840236686,0.5428798194765392
7.0,Shaquille O'Neal,30.6,0.578,0.001,0.495,11.5,24.8,18.3,19.3,0.6,5.3,9.9,31.2,11.7,7.0,18.6,0.283,7.3,2.0,9.3,9.0,"MVP-1,DPOY-2,AS,NBA1,DEF2",C,27.0,LAL,79.0,79.0,40.0,12.1,21.1,0.574,0.0,0.0,0.0,12.1,21.1,0.575,0.574,5.5,10.4,0.524,4.3,9.4,13.6,3.8,0.5,3.0,2.8,3.2,29.7,2000,0.263681592039801,0.9158415841584159,0.4573378839590444,0.7647058823529411,0.8106508875739643,0.5376442074321031
2.0,James Harden,30.6,0.616,0.539,0.449,2.5,17.8,10.0,39.5,2.7,1.7,14.5,40.5,11.4,3.8,15.2,0.254,9.4,1.6,11.0,9.3,"MVP-2,AS,NBA1",PG,29.0,HOU,78.0,78.0,36.8,10.8,24.5,0.442,4.8,13.2,0.368,6.0,11.3,0.528,0.541,9.7,11.0,0.879,0.8,5.8,6.6,7.5,2.0,0.7,5.0,3.1,36.1,2019,0.263681592039801,0.7475247524752475,0.515358361774744,0.7899159663865546,1.0,0.5370408563045742
24.0,Tracy McGrady,30.3,0.564,0.247,0.4,4.6,14.6,9.5,30.0,2.2,1.5,8.4,35.2,13.2,2.9,16.1,0.262,9.8,0.7,10.5,9.3,"MVP-4,AS,NBA1",SG,23.0,ORL,75.0,74.0,39.4,11.1,24.2,0.457,2.3,6.0,0.386,8.7,18.2,0.481,0.505,7.7,9.7,0.793,1.6,4.9,6.5,5.5,1.7,0.8,2.6,2.1,32.1,2003,0.2562189054726368,0.7920792079207921,0.4982935153583618,0.7899159663865546,0.8816568047337278,0.5277193839569138
12.0,Chris Paul,30.0,0.599,0.14,0.418,2.8,14.6,8.7,54.5,3.9,0.3,13.5,27.5,13.3,5.0,18.3,0.292,7.2,3.8,11.0,9.9,"MVP-5,DPOY-6,AS,NBA2,DEF1",PG,23.0,NOH,78.0,78.0,38.5,8.1,16.1,0.503,0.8,2.3,0.364,7.3,13.8,0.525,0.528,5.8,6.7,0.868,0.9,4.7,5.5,11.0,2.8,0.1,3.0,2.7,22.8,2009,0.24875621890547261,0.900990099009901,0.515358361774744,0.8403361344537815,0.6065088757396448,0.5274566807384607
4.0,Kevin Garnett,29.4,0.547,0.027,0.289,9.1,30.0,20.1,24.4,2.0,4.0,10.5,29.6,10.4,8.0,18.3,0.272,6.8,3.3,10.2,10.0,"MVP-1,DPOY-6,AS,NBA1,DEF1",PF,27.0,MIN,82.0,82.0,39.4,9.8,19.6,0.499,0.1,0.5,0.256,9.7,19.1,0.506,0.502,4.5,5.7,0.791,3.0,10.9,13.9,5.0,1.5,2.2,2.6,2.5,24.2,2004,0.2338308457711442,0.900990099009901,0.4880546075085324,0.8487394957983193,0.6479289940828401,0.5210081286002604
9.0,Dwyane Wade,30.4,0.574,0.16,0.443,3.5,12.2,7.8,40.3,3.0,2.8,11.6,36.2,10.3,4.4,14.7,0.232,8.2,2.4,10.6,9.6,"MVP-3,DPOY-3,AS,NBA1,DEF2",SG,27.0,MIA,79.0,79.0,38.6,10.8,22.0,0.491,1.1,3.5,0.317,9.7,18.5,0.524,0.516,7.5,9.8,0.765,1.1,3.9,5.0,7.5,2.2,1.3,3.4,2.3,30.2,2009,0.2587064676616915,0.7227722772277227,0.5017064846416383,0.815126050420168,0.8254437869822484,0.5124353231787904
8.0,Russell Westbrook,30.6,0.554,0.3,0.433,5.4,28.8,17.1,57.3,2.3,0.9,15.9,41.7,8.5,4.6,13.1,0.224,8.7,2.4,11.1,9.3,"MVP-1,AS,NBA1",PG,28.0,OKC,81.0,81.0,34.6,10.2,24.0,0.425,2.5,7.2,0.343,7.7,16.8,0.459,0.476,8.8,10.4,0.845,1.7,9.0,10.7,10.4,1.6,0.4,5.4,2.3,31.6,2017,0.263681592039801,0.6435643564356436,0.5187713310580205,0.7899159663865546,0.8668639053254437,0.503617761485853
57.0,Giannis Antetokounmpo,32.1,0.633,0.194,0.615,6.6,30.4,18.7,31.7,1.6,4.0,12.2,34.9,9.2,3.7,12.9,0.281,7.6,3.5,11.2,7.4,"MVP-3,DPOY-6,AS,NBA1,DEF1",PF,27.0,MIL,67.0,67.0,32.9,10.3,18.6,0.553,1.1,3.6,0.293,9.2,15.0,0.616,0.582,8.3,11.4,0.722,2.0,9.6,11.6,5.8,1.1,1.4,3.3,3.2,29.9,2022,0.3009950248756219,0.6336633663366337,0.5221843003412969,0.6302521008403361,0.816568047337278,0.4962495581035963
15.0,Dirk Nowitzki,28.1,0.589,0.173,0.382,4.6,23.4,14.2,14.7,1.0,2.1,7.9,30.0,13.5,4.3,17.7,0.275,7.8,0.4,8.1,7.9,"MVP-3,AS,NBA1",PF,27.0,DAL,81.0,81.0,38.1,9.3,19.3,0.48,1.4,3.3,0.406,7.9,16.0,0.496,0.515,6.7,7.4,0.901,1.4,7.6,9.0,2.8,0.7,1.0,1.9,2.0,26.6,2006,0.20149253731343286,0.8712871287128712,0.416382252559727,0.6722689075630252,0.7189349112426034,0.47725127306045567
5.0,Kobe Bryant,28.0,0.559,0.238,0.377,2.6,12.7,7.6,24.1,2.4,0.7,9.0,38.7,11.6,3.7,15.3,0.224,7.4,0.2,7.6,8.0,"MVP-4,AS,NBA1,DEF1",SG,27.0,LAL,80.0,80.0,41.0,12.2,27.2,0.45,2.3,6.5,0.347,10.0,20.7,0.482,0.491,8.7,10.2,0.85,0.9,4.4,5.3,4.5,1.8,0.4,3.1,2.9,35.4,2006,0.1990049751243781,0.7524752475247526,0.3993174061433447,0.6806722689075629,0.9792899408284023,0.4759567417569672
54.0,Joel Embiid,31.4,0.655,0.151,0.581,5.9,28.3,17.3,22.9,1.4,4.6,11.9,37.0,8.4,3.9,12.3,0.259,6.8,2.3,9.2,6.4,"MVP-1,DPOY-9,CPOY-5,AS,NBA1",C,28.0,PHI,66.0,66.0,34.6,11.0,20.1,0.548,1.0,3.0,0.33,10.0,17.1,0.587,0.573,10.0,11.7,0.857,1.7,8.4,10.2,4.2,1.0,1.7,3.4,3.1,33.1,2023,0.28358208955223874,0.603960396039604,0.4539249146757679,0.5462184873949579,0.9112426035502957,0.47075600705849524
35.0,Anthony Davis,30.8,0.591,0.01,0.384,8.0,24.1,16.1,11.6,2.1,6.2,6.3,27.8,9.9,4.2,14.0,0.274,6.6,2.3,8.9,6.7,"MVP-5,DPOY-4,AS,NBA1,DEF2",PF,21.0,NOP,68.0,68.0,36.1,9.4,17.6,0.535,0.0,0.2,0.083,9.4,17.5,0.54,0.536,5.5,6.8,0.805,2.5,7.7,10.2,2.2,1.5,2.9,1.4,2.1,24.4,2015,0.26865671641791045,0.6881188118811882,0.4436860068259386,0.5714285714285714,0.6538461538461537,0.45635112283606205
18.0,Kevin Love,26.9,0.591,0.355,0.445,8.5,29.5,18.7,21.4,1.0,1.0,10.3,28.8,10.6,3.7,14.3,0.245,8.3,0.6,8.9,7.7,"MVP-11,AS,NBA2",PF,25.0,MIN,77.0,77.0,36.3,8.4,18.5,0.457,2.5,6.6,0.376,6.0,11.9,0.502,0.524,6.8,8.2,0.821,2.9,9.6,12.5,4.4,0.8,0.5,2.5,1.8,26.1,2014,0.17164179104477606,0.702970297029703,0.4436860068259386,0.6554621848739496,0.7041420118343195,0.4339483968598657
40.0,Kawhi Leonard,27.6,0.61,0.295,0.406,3.7,15.7,9.8,18.9,2.7,1.8,9.1,31.1,8.9,4.7,13.6,0.264,7.1,2.2,9.4,7.1,"MVP-3,DPOY-3,AS,NBA1,DEF1",SF,25.0,SAS,74.0,74.0,33.4,8.6,17.7,0.485,2.0,5.2,0.38,6.6,12.5,0.529,0.541,6.3,7.2,0.88,1.1,4.7,5.8,3.5,1.8,0.7,2.1,1.6,25.5,2017,0.18905472636815923,0.6683168316831684,0.46075085324232085,0.6050420168067226,0.6863905325443785,0.43057868246747166
20.0,Karl Malone,27.1,0.582,0.005,0.501,7.1,24.7,16.1,20.9,1.4,1.9,11.4,31.9,10.7,4.5,15.3,0.249,6.4,1.1,7.5,7.1,"MVP-4,AS,NBA2",PF,36.0,UTA,82.0,82.0,35.9,9.2,18.0,0.509,0.0,0.1,0.25,9.1,17.9,0.511,0.51,7.2,9.0,0.797,2.1,7.4,9.5,3.7,1.0,0.9,2.8,2.8,25.5,2000,0.1766169154228856,0.7524752475247526,0.39590443686006827,0.6050420168067226,0.6863905325443785,0.42946595798122855
36.0,Luka DonÄiÄ,28.7,0.609,0.373,0.479,2.6,25.4,13.8,42.3,1.9,1.2,11.9,37.6,7.3,2.9,10.2,0.204,7.6,1.4,8.9,6.6,"MVP-8,CPOY-8,AS,NBA1",PG,23.0,DAL,66.0,66.0,36.2,10.9,22.0,0.496,2.8,8.2,0.342,8.1,13.8,0.588,0.56,7.8,10.5,0.742,0.8,7.8,8.6,8.0,1.4,0.5,3.6,2.5,32.4,2023,0.21641791044776115,0.5,0.4436860068259386,0.5630252100840335,0.890532544378698,0.42066014099056537
14.0,Elton Brand,26.5,0.58,0.002,0.396,9.3,19.9,14.8,13.1,1.4,4.9,9.3,27.7,9.3,5.5,14.8,0.229,5.1,1.6,6.7,6.8,"MVP-7,DPOY-10,AS,NBA2",PF,26.0,LAC,79.0,79.0,39.2,9.6,18.2,0.527,0.0,0.0,0.333,9.6,18.1,0.527,0.527,5.6,7.2,0.775,3.0,7.0,10.0,2.6,1.0,2.5,2.2,2.9,24.7,2006,0.1616915422885572,0.7277227722772278,0.3686006825938567,0.5798319327731092,0.6627218934911241,0.4081966905160631
66.0,Tim Duncan,27.1,0.534,0.01,0.498,10.2,27.6,19.0,17.4,1.3,5.3,11.3,29.7,5.9,7.2,13.1,0.249,5.2,3.3,8.5,6.7,"MVP-2,DPOY-7,AS,NBA1,DEF2",PF,27.0,SAS,69.0,68.0,36.6,8.6,17.1,0.501,0.0,0.2,0.167,8.6,16.9,0.505,0.502,5.1,8.5,0.599,3.3,9.2,12.4,3.1,0.9,2.7,2.7,2.4,22.3,2004,0.1766169154228856,0.6435643564356436,0.4300341296928328,0.5714285714285714,0.5917159763313609,0.4016809181708427
79.0,Jimmy Butler,27.6,0.647,0.116,0.625,7.5,13.3,10.3,27.1,2.7,1.0,8.2,25.6,9.4,2.9,12.3,0.277,6.7,2.0,8.7,5.8,"MVP-10,DPOY-12,CPOY-2,NBA2",PF,33.0,MIA,64.0,64.0,33.4,7.5,13.9,0.539,0.6,1.6,0.35,6.9,12.3,0.564,0.56,7.4,8.7,0.85,2.2,3.7,5.9,5.3,1.8,0.3,1.6,1.3,22.9,2023,0.18905472636815923,0.603960396039604,0.43686006825938567,0.49579831932773105,0.6094674556213017,0.39431256090196487
5.0,Damian Lillard,26.9,0.627,0.5,0.384,1.4,10.5,6.0,34.4,1.3,0.8,11.0,30.3,10.9,0.7,11.6,0.225,8.3,-0.9,7.5,5.9,"MVP-8,AS,NBA2",PG,29.0,POR,66.0,66.0,37.5,9.5,20.4,0.463,4.1,10.2,0.401,5.4,10.2,0.524,0.563,7.0,7.8,0.888,0.5,3.8,4.3,8.0,1.1,0.3,2.9,1.7,30.0,2020,0.17164179104477606,0.5693069306930694,0.39590443686006827,0.5042016806722689,0.8195266272189348,0.39407182071765834
24.0,Vince Carter,25.0,0.551,0.24,0.303,6.5,9.3,7.9,19.2,2.0,1.9,8.2,30.7,10.3,2.6,12.9,0.208,7.6,0.1,7.6,7.2,"MVP-11,AS,NBA2",SF,24.0,TOR,75.0,75.0,39.7,10.2,22.1,0.46,2.2,5.3,0.408,8.0,16.8,0.477,0.509,5.1,6.7,0.765,2.3,3.2,5.5,3.9,1.5,1.1,2.2,2.7,27.6,2001,0.12437810945273631,0.6336633663366337,0.3993174061433447,0.6134453781512604,0.7485207100591715,0.3925440070981334
27.0,Isaiah Thomas,26.5,0.625,0.439,0.441,1.9,7.0,4.4,32.5,1.4,0.4,10.7,34.0,10.9,1.6,12.5,0.234,7.8,-1.1,6.7,5.6,"MVP-5,AS,NBA2",PG,27.0,BOS,76.0,76.0,33.8,9.0,19.4,0.463,3.2,8.5,0.379,5.8,10.9,0.528,0.546,7.8,8.5,0.909,0.6,2.1,2.7,5.9,0.9,0.2,2.8,2.2,28.9,2017,0.1616915422885572,0.6138613861386139,0.3686006825938567,0.47899159663865537,0.7869822485207099,0.38776641517785354
49.0,Amar'e Stoudemire,27.6,0.656,0.026,0.571,8.2,21.1,15.2,7.5,1.2,4.0,10.3,28.2,10.9,3.8,14.6,0.262,4.2,0.6,4.8,4.6,"MVP-6,AS,NBA2",C,25.0,PHO,79.0,79.0,33.9,9.0,15.3,0.59,0.1,0.4,0.161,9.0,14.9,0.601,0.592,7.0,8.7,0.805,2.3,6.8,9.1,1.5,0.8,2.1,2.2,3.7,25.2,2008,0.18905472636815923,0.7178217821782178,0.30375426621160406,0.39495798319327724,0.6775147928994082,0.38718437783449666
11.0,Dwight Howard,26.1,0.616,0.007,0.877,12.6,30.6,21.8,6.8,1.9,4.9,16.2,27.2,6.7,7.7,14.4,0.235,2.9,2.4,5.3,5.4,"MVP-2,DPOY-1,AS,NBA1,DEF1",C,25.0,ORL,78.0,78.0,37.6,7.9,13.4,0.593,0.0,0.1,0.0,7.9,13.3,0.597,0.593,7.0,11.7,0.596,4.0,10.1,14.1,1.4,1.4,2.4,3.6,3.3,22.9,2011,0.15174129353233834,0.707920792079208,0.32081911262798635,0.4621848739495798,0.6094674556213017,0.37360973131146236
2.0,Gary Payton,23.6,0.535,0.312,0.254,3.2,13.9,8.5,37.7,2.3,0.4,10.8,26.8,10.5,3.5,13.9,0.195,5.8,0.7,6.4,7.3,"MVP-6,DPOY-5,AS,NBA1,DEF1",PG,31.0,SEA,82.0,82.0,41.8,9.1,20.3,0.448,2.2,6.3,0.34,7.0,14.0,0.497,0.502,3.8,5.2,0.735,1.2,5.2,6.5,8.9,1.9,0.2,2.7,2.2,24.2,2000,0.08955223880597017,0.6831683168316832,0.35836177474402736,0.6218487394957982,0.6479289940828401,0.371104687195394
9.0,Derrick Rose,23.5,0.55,0.241,0.348,3.2,9.4,6.4,38.7,1.5,1.3,13.1,32.2,8.3,4.8,13.1,0.208,6.3,0.5,6.8,6.7,"MVP-1,AS,NBA1",PG,22.0,CHI,81.0,81.0,37.4,8.8,19.7,0.445,1.6,4.8,0.332,7.2,15.0,0.481,0.485,5.9,6.9,0.858,1.0,3.1,4.1,7.7,1.0,0.6,3.4,1.7,25.0,2011,0.08706467661691542,0.6435643564356436,0.3720136518771331,0.5714285714285714,0.6715976331360946,0.3622440927657881
13.0,Allen Iverson,25.9,0.543,0.122,0.455,1.7,7.1,4.4,34.9,2.3,0.2,10.2,35.8,8.8,1.8,10.6,0.165,5.8,-1.0,4.8,5.3,"MVP-10,AS,NBA3",PG,30.0,PHI,72.0,72.0,43.1,11.3,25.3,0.447,1.0,3.1,0.323,10.3,22.2,0.465,0.467,9.4,11.5,0.814,0.6,2.6,3.2,7.4,1.9,0.1,3.4,1.7,33.0,2006,0.1467661691542288,0.5198019801980198,0.30375426621160406,0.45378151260504196,0.9082840236686389,0.3596242705709844
5.0,Paul George,23.3,0.583,0.469,0.335,3.7,19.6,11.4,17.7,2.8,1.0,10.0,29.5,7.0,4.9,11.9,0.201,5.6,1.6,7.2,6.6,"MVP-3,DPOY-3,AS,NBA1,DEF1",SF,28.0,OKC,77.0,77.0,36.9,9.2,21.0,0.438,3.8,9.8,0.386,5.4,11.1,0.484,0.529,5.9,7.0,0.839,1.4,6.8,8.2,4.1,2.2,0.4,2.7,2.8,28.0,2019,0.08208955223880599,0.5841584158415842,0.385665529010239,0.5630252100840335,0.7603550295857987,0.35913863383287026
25.0,Brandon Roy,24.0,0.573,0.167,0.383,4.4,11.6,7.9,25.4,1.7,0.6,9.0,27.4,10.9,2.6,13.5,0.223,6.0,0.1,6.2,6.0,"MVP-9,AS,NBA2",SG,24.0,POR,78.0,78.0,37.2,8.1,16.9,0.48,1.1,2.8,0.377,7.1,14.1,0.501,0.512,5.3,6.5,0.824,1.3,3.4,4.7,5.1,1.1,0.3,1.9,1.6,22.6,2009,0.09950248756218905,0.6633663366336634,0.35153583617747447,0.5126050420168067,0.6005917159763313,0.354101105386417
46.0,Alonzo Mourning,25.8,0.596,0.003,0.492,9.5,21.6,15.9,8.7,0.8,7.8,13.1,28.1,7.3,5.6,12.9,0.226,3.1,2.2,5.3,5.0,"MVP-3,DPOY-1,AS,NBA2,DEF1",C,29.0,MIA,79.0,78.0,34.8,8.3,15.0,0.551,0.0,0.1,0.0,8.3,14.9,0.553,0.551,5.2,7.4,0.711,2.7,6.8,9.5,1.6,0.5,3.7,2.7,3.9,21.7,2000,0.14427860696517414,0.6336633663366337,0.32081911262798635,0.42857142857142855,0.57396449704142,0.3488615311402785
6.0,Shawn Marion,23.6,0.591,0.212,0.218,8.7,23.6,16.3,6.8,2.5,2.9,7.7,22.3,8.6,5.9,14.6,0.214,3.5,1.3,4.8,5.6,"MVP-10,DPOY-7,AS,NBA3",PF,27.0,PHO,81.0,81.0,40.3,8.8,16.9,0.525,1.2,3.6,0.331,7.7,13.3,0.577,0.56,3.0,3.7,0.809,3.1,8.8,11.8,1.8,2.0,1.7,1.5,2.8,21.8,2006,0.08955223880597017,0.7178217821782178,0.30375426621160406,0.47899159663865537,0.5769230769230769,0.3457275725565257
59.0,Chauncey Billups,23.6,0.619,0.39,0.498,2.0,8.1,5.0,34.7,2.2,0.5,13.0,23.0,10.2,3.4,13.5,0.257,6.5,1.2,7.7,6.2,"DPOY-16,AS",PG,31.0,DET,78.0,78.0,32.3,5.0,11.2,0.448,1.8,4.4,0.401,3.3,6.9,0.479,0.526,5.1,5.6,0.918,0.5,2.2,2.7,6.8,1.3,0.2,2.1,1.7,17.0,2008,0.08955223880597017,0.6633663366336634,0.4027303754266212,0.5294117647058824,0.43491124260355024,0.34547253866538824
29.0,Karl-Anthony Towns,26.3,0.622,0.27,0.342,10.9,29.3,20.0,17.2,1.3,4.2,13.7,28.9,7.2,3.2,10.4,0.197,5.4,0.6,6.0,5.1,AS,C,23.0,MIN,77.0,77.0,33.1,8.8,17.1,0.518,1.8,4.6,0.4,7.0,12.5,0.562,0.572,4.9,5.8,0.836,3.4,9.0,12.4,3.4,0.9,1.6,3.1,3.8,24.4,2019,0.15671641791044777,0.5099009900990099,0.3447098976109215,0.43697478991596633,0.6538461538461537,0.3426908390823774
40.0,Chris Webber,24.7,0.516,0.017,0.282,7.0,22.1,14.8,20.6,1.7,2.8,9.6,31.6,5.8,5.2,11.0,0.186,4.0,1.4,5.5,5.3,"MVP-4,AS,NBA1",PF,27.0,SAC,70.0,70.0,40.5,11.2,23.4,0.481,0.0,0.4,0.071,11.2,23.0,0.488,0.481,4.6,6.6,0.703,2.6,8.5,11.1,4.2,1.3,1.7,2.8,3.2,27.1,2001,0.1169154228855721,0.5396039603960396,0.3276450511945393,0.45378151260504196,0.7337278106508875,0.3389669037979376
86.0,Manu GinÃ³bili,24.3,0.612,0.395,0.449,3.3,14.7,9.1,26.4,2.6,1.1,14.5,28.7,6.6,4.5,11.1,0.232,5.6,2.7,8.3,6.0,"MVP-10,6MOY-1,NBA3",SG,30.0,SAS,74.0,23.0,31.1,6.1,13.3,0.46,2.1,5.3,0.401,4.0,8.0,0.499,0.54,5.1,6.0,0.86,0.9,3.9,4.8,4.5,1.5,0.4,2.7,2.3,19.5,2008,0.10696517412935325,0.5445544554455446,0.42320819112627994,0.5126050420168067,0.5088757396449703,0.338486677132284
10.0,Jalen Brunson,23.4,0.592,0.319,0.302,1.8,9.7,5.7,33.5,1.3,0.4,9.1,32.5,8.8,2.4,11.2,0.198,6.3,-0.4,5.8,5.4,"MVP-5,CPOY-5,AS,NBA2",PG,27.0,NYK,77.0,77.0,35.4,10.3,21.4,0.479,2.7,6.8,0.401,7.5,14.6,0.516,0.543,5.5,6.5,0.847,0.6,3.1,3.6,6.7,0.9,0.2,2.4,1.9,28.7,2024,0.08457711442786066,0.5495049504950495,0.3378839590443686,0.4621848739495798,0.7810650887573963,0.3356336239497255
8.0,Trae Young,25.4,0.603,0.395,0.358,2.1,9.6,5.9,46.7,1.3,0.2,14.5,34.4,9.0,1.0,10.0,0.181,7.1,-2.0,5.2,4.8,"AS,NBA3",PG,23.0,ATL,76.0,76.0,34.9,9.4,20.3,0.46,3.1,8.0,0.382,6.3,12.3,0.512,0.536,6.6,7.3,0.904,0.7,3.1,3.7,9.7,0.9,0.1,4.0,1.7,28.4,2022,0.13432835820895517,0.49009900990099015,0.31740614334470996,0.41176470588235287,0.7721893491124259,0.33362777943219996
7.0,Jayson Tatum,23.7,0.607,0.44,0.399,3.2,22.5,13.0,20.9,1.4,1.6,10.4,32.7,6.2,4.3,10.5,0.185,4.8,0.7,5.5,5.1,"MVP-4,CPOY-10,AS,NBA1",SF,24.0,BOS,74.0,74.0,36.9,9.8,21.1,0.466,3.2,9.3,0.35,6.6,11.8,0.558,0.543,7.2,8.4,0.854,1.1,7.7,8.8,4.6,1.1,0.7,2.9,2.2,30.1,2023,0.09203980099502485,0.5148514851485149,0.3276450511945393,0.43697478991596633,0.8224852071005916,0.33126122736827657
44.0,Zion Williamson,27.1,0.649,0.033,0.51,8.9,14.7,11.8,19.7,1.3,1.8,11.6,29.8,7.1,1.6,8.7,0.205,6.1,-0.3,5.8,4.0,AS,PF,20.0,NOP,61.0,61.0,33.2,10.4,17.0,0.611,0.2,0.6,0.294,10.2,16.4,0.622,0.616,6.0,8.7,0.698,2.7,4.5,7.2,3.7,0.9,0.6,2.7,2.2,27.0,2021,0.1766169154228856,0.42574257425742573,0.3378839590443686,0.34453781512605036,0.7307692307692306,0.33090277741904117
39.0,Grant Hill,24.5,0.565,0.069,0.425,4.1,16.4,10.2,26.8,1.9,1.1,12.4,30.5,8.1,2.6,10.7,0.185,5.4,0.1,5.4,5.2,"MVP-8,AS,NBA2",SF,27.0,DET,74.0,74.0,37.5,9.4,19.2,0.489,0.5,1.3,0.347,8.9,17.9,0.5,0.501,6.5,8.2,0.795,1.3,5.3,6.6,5.2,1.4,0.6,3.2,2.6,25.8,2000,0.11194029850746268,0.5247524752475248,0.32423208191126285,0.4453781512605042,0.695266272189349,0.3286374731797279
33.0,Nikola VuÄeviÄ,25.5,0.573,0.171,0.168,9.4,31.9,20.5,21.9,1.6,3.0,9.9,28.0,5.4,4.7,10.1,0.193,5.0,1.7,6.6,5.5,AS,C,28.0,ORL,80.0,80.0,31.4,8.8,16.9,0.518,1.1,2.9,0.364,7.7,14.0,0.549,0.549,2.2,2.8,0.789,2.8,9.2,12.0,3.8,1.0,1.1,2.0,2.0,20.8,2019,0.13681592039800994,0.49504950495049505,0.3651877133105802,0.4705882352941176,0.5473372781065088,0.3285663631514817
17.0,Paul Pierce,23.6,0.582,0.215,0.555,3.1,17.5,10.5,23.4,1.8,0.8,13.0,31.2,8.3,3.2,11.5,0.178,5.0,-0.2,4.8,5.3,AS,SF,28.0,BOS,79.0,79.0,39.0,8.7,18.5,0.471,1.4,4.0,0.354,7.3,14.5,0.503,0.509,7.9,10.3,0.772,1.0,5.7,6.7,4.7,1.4,0.4,3.5,2.8,26.8,2006,0.08955223880597017,0.5643564356435644,0.30375426621160406,0.45378151260504196,0.7248520710059171,0.3273063942545177
59.0,David Robinson,24.6,0.568,0.002,0.496,9.0,24.5,17.1,10.3,2.0,4.9,11.6,25.6,6.2,6.4,12.7,0.238,3.1,2.7,5.8,5.0,"AS,NBA3",C,34.0,SAS,80.0,80.0,32.0,6.6,12.9,0.512,0.0,0.0,0.0,6.6,12.9,0.513,0.512,4.6,6.4,0.726,2.4,7.2,9.6,1.8,1.2,2.3,2.1,3.1,17.8,2000,0.11442786069651743,0.6237623762376238,0.3378839590443686,0.42857142857142855,0.4585798816568047,0.3268155423578288
16.0,Gilbert Arenas,24.0,0.565,0.377,0.464,2.3,11.1,6.6,27.2,2.4,0.3,11.2,31.4,9.3,1.5,10.8,0.177,5.5,-0.8,4.7,5.0,"MVP-8,AS,NBA2",PG,25.0,WAS,74.0,73.0,39.8,8.7,20.9,0.418,2.8,7.9,0.351,6.0,13.0,0.459,0.484,8.2,9.7,0.844,0.8,3.7,4.6,6.0,1.9,0.2,3.2,3.4,28.4,2007,0.09950248756218905,0.5297029702970297,0.3003412969283277,0.42857142857142855,0.7721893491124259,0.32588592623833257
37.0,Steve Nash,23.8,0.654,0.353,0.254,1.4,9.9,5.8,50.1,1.1,0.2,21.0,22.9,10.8,1.7,12.6,0.225,6.7,-0.8,5.9,5.3,"MVP-2,AS,NBA1",PG,32.0,PHO,76.0,76.0,35.3,6.8,12.8,0.532,2.1,4.5,0.455,4.8,8.3,0.575,0.613,2.9,3.3,0.899,0.4,3.1,3.5,11.6,0.8,0.1,3.8,1.5,18.6,2007,0.09452736318407962,0.6188118811881188,0.3412969283276451,0.45378151260504196,0.48224852071005914,0.3234357105082947
12.0,Blake Griffin,23.9,0.583,0.032,0.496,7.7,21.2,14.7,19.2,1.6,1.4,11.9,29.0,8.1,4.1,12.2,0.205,3.8,0.7,4.5,4.7,"MVP-3,AS,NBA2",PF,24.0,LAC,80.0,80.0,35.8,9.0,17.0,0.528,0.2,0.6,0.273,8.8,16.4,0.537,0.533,6.0,8.4,0.715,2.4,7.1,9.5,3.9,1.2,0.6,2.8,3.3,24.1,2014,0.09701492537313429,0.599009900990099,0.2935153583617748,0.4033613445378151,0.6449704142011834,0.32214419789352833
6.0,Domantas Sabonis,23.5,0.668,0.088,0.467,10.6,30.0,20.3,30.4,1.1,1.2,16.9,21.3,9.6,3.0,12.6,0.221,4.1,1.8,5.8,5.4,"MVP-7,AS,NBA3",C,26.0,SAC,79.0,79.0,34.6,7.3,11.9,0.615,0.4,1.1,0.373,6.9,10.8,0.639,0.632,4.1,5.5,0.742,3.2,9.1,12.3,7.3,0.8,0.5,2.9,3.5,19.1,2023,0.08706467661691542,0.6188118811881188,0.3378839590443686,0.4621848739495798,0.4970414201183432,0.32208766810005596
114.0,Kyrie Irving,25.0,0.61,0.374,0.24,1.9,10.8,6.4,30.7,1.7,0.7,10.4,31.0,6.3,2.7,8.9,0.222,6.4,0.9,7.3,4.5,AS,PG,25.0,BOS,60.0,60.0,32.2,8.9,18.1,0.491,2.8,6.8,0.408,6.1,11.3,0.541,0.568,3.9,4.4,0.889,0.6,3.2,3.8,5.1,1.1,0.3,2.3,2.0,24.4,2018,0.12437810945273631,0.4356435643564357,0.3890784982935154,0.38655462184873945,0.6538461538461537,0.3187357338805741
2.0,Peja StojakoviÄ,21.8,0.624,0.4,0.307,3.2,14.1,8.8,9.1,1.7,0.3,8.9,23.9,11.4,2.1,13.5,0.198,5.2,-1.3,3.9,4.9,"MVP-4,AS,NBA2",SF,26.0,SAC,81.0,81.0,40.3,8.2,17.1,0.48,3.0,6.8,0.433,5.2,10.3,0.511,0.566,4.9,5.2,0.927,1.1,5.1,6.3,2.1,1.3,0.2,1.9,2.0,24.2,2004,0.044776119402985086,0.6633663366336634,0.27303754266211605,0.42016806722689076,0.6479289940828401,0.31200092975132304
43.0,DeMarcus Cousins,26.5,0.562,0.239,0.491,7.1,28.3,17.8,27.4,2.0,3.6,13.2,37.5,3.4,2.6,6.0,0.153,5.6,1.6,7.2,4.4,,C,26.0,2TM,72.0,72.0,34.2,9.0,19.9,0.452,1.8,5.0,0.361,7.2,14.8,0.483,0.498,7.2,9.3,0.772,2.1,8.9,11.0,4.6,1.4,1.3,3.7,3.9,27.0,2017,0.1616915422885572,0.2920792079207921,0.385665529010239,0.37815126050420167,0.7307692307692306,0.3111176134289724
52.0,Carmelo Anthony,24.8,0.56,0.278,0.344,6.1,15.9,10.8,14.1,1.1,1.1,9.3,35.6,7.5,2.0,9.5,0.184,6.0,-1.7,4.3,3.9,"MVP-3,AS,NBA2",PF,28.0,NYK,67.0,67.0,37.0,10.0,22.2,0.449,2.3,6.2,0.379,7.6,16.0,0.476,0.502,6.3,7.6,0.83,2.0,4.9,6.9,2.6,0.8,0.5,2.6,3.1,28.7,2013,0.11940298507462688,0.46534653465346537,0.28668941979522183,0.3361344537815126,0.7810650887573963,0.30988833917347913
23.0,Jason Kidd,22.2,0.526,0.297,0.324,4.2,15.1,9.6,42.2,3.1,0.6,17.2,25.9,5.5,5.8,11.3,0.182,4.8,1.8,6.6,6.5,"MVP-9,AS,NBA2,DEF2",PG,29.0,NJN,80.0,80.0,37.4,6.4,15.6,0.414,1.6,4.6,0.341,4.9,10.9,0.445,0.465,4.2,5.0,0.841,1.4,4.9,6.3,8.9,2.2,0.3,3.7,1.6,18.7,2003,0.05472636815920396,0.5544554455445545,0.3651877133105802,0.5546218487394957,0.4852071005917159,0.30980207396782966
30.0,Donovan Mitchell,22.9,0.614,0.453,0.262,3.1,10.9,7.0,21.4,2.0,1.0,10.3,32.1,5.4,3.5,8.9,0.176,5.6,0.6,6.3,5.0,"MVP-6,CPOY-6,AS,NBA2",SG,26.0,CLE,68.0,68.0,35.8,10.0,20.6,0.484,3.6,9.3,0.386,6.4,11.3,0.566,0.572,4.7,5.4,0.867,0.9,3.3,4.3,4.4,1.5,0.4,2.6,2.5,28.3,2023,0.07213930348258703,0.4356435643564357,0.35494880546075086,0.42857142857142855,0.7692307692307692,0.30675441513669194
32.0,LaMarcus Aldridge,25.0,0.57,0.068,0.296,10.8,17.3,14.0,11.3,0.9,3.0,6.8,29.1,7.4,3.6,10.9,0.209,4.3,-0.4,3.9,3.7,"MVP-9,AS,NBA2",C,32.0,SAS,75.0,75.0,33.5,9.2,18.0,0.51,0.4,1.2,0.293,8.8,16.7,0.526,0.52,4.5,5.3,0.837,3.3,5.2,8.5,2.0,0.6,1.2,1.5,2.1,23.1,2018,0.12437810945273631,0.5346534653465347,0.27303754266211605,0.319327731092437,0.6153846153846153,0.3047606800305299
64.0,Mike Conley,23.2,0.604,0.415,0.365,1.5,10.8,6.0,34.5,2.1,0.8,11.8,26.3,7.5,2.5,10.0,0.209,6.0,0.8,6.8,5.1,,PG,29.0,MEM,69.0,68.0,33.2,6.7,14.6,0.46,2.5,6.1,0.408,4.2,8.6,0.497,0.545,4.6,5.3,0.859,0.4,3.0,3.5,6.3,1.3,0.3,2.3,1.8,20.5,2017,0.07960199004975121,0.49009900990099015,0.3720136518771331,0.43697478991596633,0.5384615384615383,0.3018069612132756
7.0,Jerry Stackhouse,21.8,0.521,0.245,0.42,3.2,7.3,5.2,25.8,1.5,1.2,12.5,35.2,6.6,2.6,9.2,0.137,5.8,-0.7,5.1,5.8,"MVP-14,AS",SG,26.0,DET,80.0,80.0,40.2,9.7,24.1,0.402,2.1,5.9,0.351,7.6,18.2,0.418,0.445,8.3,10.1,0.822,1.2,2.7,3.9,5.1,1.2,0.7,4.1,2.0,29.8,2001,0.044776119402985086,0.4504950495049505,0.31399317406143346,0.49579831932773105,0.8136094674556212,0.301748871152806
9.0,Steve Francis,21.6,0.563,0.276,0.359,7.1,12.8,10.0,28.4,2.3,0.7,15.8,24.2,9.2,3.0,12.2,0.184,4.5,0.5,5.0,5.7,,PG,23.0,HOU,80.0,79.0,39.9,6.9,15.2,0.451,1.7,4.2,0.396,5.2,11.0,0.472,0.506,4.5,5.5,0.817,2.4,4.5,6.9,6.5,1.8,0.4,3.3,3.4,19.9,2001,0.039800995024875656,0.599009900990099,0.310580204778157,0.48739495798319327,0.5207100591715975,0.2986489208790805
68.0,Kyle Lowry,22.9,0.623,0.51,0.398,2.4,12.0,7.2,29.9,2.0,0.7,13.8,24.9,7.8,2.3,10.1,0.216,5.8,0.4,6.1,4.6,AS,PG,30.0,TOR,60.0,60.0,37.4,7.1,15.3,0.464,3.2,7.8,0.412,3.9,7.5,0.518,0.569,5.0,6.1,0.819,0.8,4.0,4.8,7.0,1.5,0.3,2.9,2.8,22.4,2017,0.07213930348258703,0.49504950495049505,0.34812286689419797,0.39495798319327724,0.5946745562130176,0.2964534497026029
34.0,Sam Cassell,22.8,0.566,0.146,0.261,1.9,8.7,5.5,38.0,1.9,0.5,13.5,27.2,8.8,3.3,12.1,0.205,4.1,0.3,4.4,4.6,"MVP-10,AS,NBA2",PG,34.0,MIN,81.0,81.0,35.0,7.7,15.7,0.488,0.9,2.3,0.398,6.7,13.4,0.504,0.517,3.6,4.1,0.873,0.5,2.8,3.3,7.3,1.3,0.2,2.7,3.0,19.8,2004,0.06965174129353235,0.594059405940594,0.29010238907849834,0.39495798319327724,0.5177514792899408,0.29596400176955323
52.0,Chris Bosh,25.0,0.592,0.019,0.509,9.9,25.2,17.7,11.5,0.9,2.1,10.7,28.7,7.9,1.7,9.6,0.182,4.8,-1.2,3.6,3.6,"MVP-12,AS",C,25.0,TOR,70.0,70.0,36.1,8.6,16.5,0.518,0.1,0.3,0.364,8.5,16.2,0.521,0.522,6.7,8.4,0.797,2.9,7.9,10.8,2.4,0.6,1.0,2.4,2.4,24.0,2010,0.12437810945273631,0.4702970297029703,0.2627986348122867,0.31092436974789917,0.6420118343195266,0.2916639970908885
74.0,Rudy Gobert,24.7,0.732,0.008,0.864,12.9,36.3,25.0,5.1,1.0,5.7,14.5,16.9,7.3,4.3,11.7,0.264,2.9,1.7,4.6,3.6,"DPOY-3,AS,DEF1",C,29.0,UTA,66.0,66.0,32.1,5.5,7.7,0.713,0.0,0.1,0.0,5.5,7.6,0.718,0.713,4.6,6.7,0.69,3.7,11.0,14.7,1.1,0.7,2.1,1.8,2.7,15.6,2022,0.1169154228855721,0.5742574257425742,0.2969283276450512,0.31092436974789917,0.393491124260355,0.29144486923257934
179.0,Yao Ming,26.5,0.601,0.002,0.504,7.2,24.7,16.0,12.3,0.6,4.5,14.3,33.5,4.0,3.4,7.4,0.22,3.1,1.9,5.0,2.8,"DPOY-24,AS,NBA2",C,26.0,HOU,48.0,48.0,33.8,8.8,17.1,0.516,0.0,0.0,0.0,8.8,17.0,0.518,0.516,7.4,8.6,0.862,2.1,7.3,9.4,2.0,0.4,2.0,3.5,3.3,25.0,2007,0.1616915422885572,0.36138613861386143,0.310580204778157,0.24369747899159663,0.6715976331360946,0.29059939680659563
52.0,Carlos Boozer,24.1,0.588,0.0,0.322,11.2,29.9,20.6,16.6,1.4,0.7,12.8,26.5,6.5,3.4,9.9,0.185,4.4,0.2,4.6,4.3,"MVP-9,AS",PF,25.0,UTA,74.0,74.0,34.6,8.7,15.6,0.561,0.0,0.0,,8.7,15.6,0.561,0.561,3.4,5.0,0.685,3.2,8.5,11.7,3.0,0.9,0.3,2.6,2.9,20.9,2007,0.1019900497512438,0.4851485148514852,0.2969283276450512,0.36974789915966383,0.5502958579881655,0.28921576411458777
107.0,Ja Morant,24.4,0.575,0.218,0.353,4.2,14.1,9.0,34.1,1.7,1.0,12.6,33.7,4.6,2.1,6.7,0.171,6.2,-0.1,6.1,3.9,"MVP-7,MIP-1,AS,NBA2",PG,22.0,MEM,57.0,57.0,33.1,10.2,20.6,0.493,1.5,4.5,0.344,8.6,16.2,0.534,0.53,5.5,7.3,0.761,1.4,4.4,5.7,6.7,1.2,0.4,3.4,1.5,27.4,2022,0.10945273631840792,0.32673267326732675,0.34812286689419797,0.3361344537815126,0.7426035502958578,0.28662600296740515
28.0,Victor Oladipo,23.1,0.577,0.323,0.274,2.1,15.1,8.6,21.2,3.5,2.0,12.7,30.1,4.3,4.0,8.2,0.155,4.1,1.7,5.8,5.0,"MVP-13,DPOY-15,MIP-1,AS,NBA3,DEF1",SG,25.0,IND,75.0,75.0,34.0,8.5,17.9,0.477,2.1,5.8,0.371,6.4,12.1,0.528,0.537,3.9,4.9,0.799,0.6,4.6,5.2,4.3,2.4,0.8,2.9,2.3,23.1,2018,0.07711442786069654,0.400990099009901,0.3378839590443686,0.42857142857142855,0.6153846153846153,0.28301618715073695
36.0,Gordon Hayward,22.2,0.595,0.324,0.371,2.3,15.4,9.0,18.2,1.5,0.6,9.4,27.6,7.1,3.3,10.4,0.199,4.6,0.5,5.0,4.5,AS,SF,26.0,UTA,73.0,73.0,34.5,7.5,15.8,0.471,2.0,5.1,0.398,5.4,10.7,0.506,0.536,5.0,5.9,0.844,0.7,4.7,5.4,3.5,1.0,0.3,1.9,1.6,21.9,2017,0.05472636815920396,0.5099009900990099,0.310580204778157,0.38655462184873945,0.5798816568047336,0.28263041410446227
71.0,John Stockton,22.4,0.591,0.167,0.354,2.3,8.3,5.4,48.1,3.1,0.5,17.6,19.3,8.2,3.1,11.2,0.222,5.0,1.7,6.6,5.3,AS,PG,37.0,UTA,82.0,82.0,29.7,4.4,8.8,0.501,0.5,1.5,0.355,3.9,7.4,0.53,0.53,2.7,3.1,0.86,0.5,2.1,2.6,8.6,1.7,0.2,2.2,2.3,12.1,2000,0.05970149253731339,0.5495049504950495,0.3651877133105802,0.45378151260504196,0.28994082840236685,0.2811913638767922
5.0,John Wall,23.2,0.541,0.19,0.367,2.4,10.6,6.5,46.9,2.7,1.4,16.2,30.6,5.8,3.0,8.8,0.149,4.6,0.1,4.7,4.8,"MVP-7,AS,NBA3",PG,26.0,WAS,78.0,78.0,36.4,8.3,18.4,0.451,1.1,3.5,0.327,7.2,14.9,0.48,0.482,5.4,6.8,0.801,0.8,3.4,4.2,10.7,2.0,0.6,4.1,1.9,23.1,2017,0.07960199004975121,0.43069306930693074,0.3003412969283277,0.41176470588235287,0.6153846153846153,0.280762601393649
131.0,Tyrese Haliburton,23.6,0.624,0.478,0.239,1.9,10.1,6.0,47.6,2.3,1.1,13.2,23.8,6.4,1.2,7.6,0.195,7.0,0.2,7.2,4.4,AS,PG,22.0,IND,56.0,56.0,33.6,7.4,15.0,0.49,2.9,7.2,0.4,4.5,7.8,0.572,0.586,3.1,3.6,0.871,0.6,3.1,3.7,10.4,1.6,0.4,2.5,1.2,20.7,2023,0.08955223880597017,0.3712871287128713,0.385665529010239,0.37815126050420167,0.544378698224852,0.27946442293991547
23.0,DeMar DeRozan,24.0,0.552,0.08,0.419,3.0,13.6,8.3,20.6,1.5,0.4,9.0,34.3,6.7,2.4,9.0,0.166,4.1,-1.0,3.0,3.3,"MVP-11,AS,NBA3",SG,27.0,TOR,74.0,74.0,35.4,9.7,20.9,0.467,0.4,1.7,0.266,9.3,19.2,0.484,0.477,7.4,8.7,0.842,0.9,4.3,5.2,3.9,1.1,0.2,2.4,1.8,27.3,2017,0.09950248756218905,0.44059405940594065,0.242320819112628,0.2857142857142857,0.7396449704142011,0.27891989634143804
28.0,Rasheed Wallace,20.9,0.56,0.138,0.272,6.2,17.9,12.2,12.9,1.6,3.4,10.7,23.4,6.8,4.2,11.0,0.18,3.3,1.1,4.4,4.8,AS,PF,26.0,POR,77.0,75.0,38.2,7.7,15.3,0.501,0.7,2.1,0.321,7.0,13.2,0.53,0.523,3.2,4.2,0.766,1.9,5.9,7.8,2.8,1.2,1.8,2.1,2.7,19.2,2001,0.0223880597014925,0.5396039603960396,0.29010238907849834,0.41176470588235287,0.4999999999999999,0.26607296436373984
13.0,Marc Gasol,21.7,0.558,0.016,0.41,4.9,21.8,13.4,19.7,1.4,4.0,12.2,24.6,5.5,4.7,10.2,0.182,2.7,2.4,5.1,4.8,"MVP-8,DPOY-10,AS,NBA1",C,30.0,MEM,81.0,81.0,33.2,6.5,13.2,0.494,0.0,0.2,0.176,6.5,13.0,0.5,0.496,4.3,5.4,0.795,1.4,6.4,7.8,3.8,0.9,1.6,2.2,2.6,17.4,2015,0.04228855721393033,0.5,0.31399317406143346,0.41176470588235287,0.4467455621301774,0.26556508449911187
78.0,Danny Granger,21.8,0.584,0.352,0.36,2.2,13.4,7.7,13.1,1.4,3.0,10.0,29.6,5.6,2.4,8.0,0.158,4.9,-0.1,4.8,4.2,"MIP-1,AS",SF,25.0,IND,67.0,66.0,36.2,8.5,19.1,0.447,2.7,6.7,0.404,5.8,12.3,0.47,0.518,6.0,6.9,0.878,0.7,4.4,5.1,2.7,1.0,1.4,2.5,3.1,25.8,2009,0.044776119402985086,0.3910891089108911,0.30375426621160406,0.36134453781512604,0.695266272189349,0.2625402037861406
78.0,Brook Lopez,24.7,0.567,0.001,0.358,10.8,16.1,13.4,6.4,0.8,5.2,9.4,28.6,6.4,2.6,9.0,0.191,3.4,-0.2,3.2,3.0,AS,C,24.0,BRK,74.0,74.0,30.4,7.7,14.8,0.521,0.0,0.0,0.0,7.7,14.8,0.522,0.521,4.0,5.3,0.758,2.8,4.1,6.9,0.9,0.4,2.1,1.8,2.1,19.4,2013,0.1169154228855721,0.44059405940594065,0.2491467576791809,0.2605042016806723,0.5059171597633135,0.26135646871565177
208.0,Andrei Kirilenko,24.4,0.599,0.183,0.617,8.0,15.7,11.7,17.4,2.7,8.5,14.4,21.3,3.5,2.0,5.5,0.197,5.5,3.7,9.2,3.8,"DPOY-10,DEF2",PF,23.0,UTA,41.0,37.0,32.9,5.0,10.2,0.493,0.6,1.9,0.299,4.5,8.4,0.536,0.52,5.0,6.3,0.784,2.2,4.0,6.2,3.2,1.6,3.3,2.2,2.5,15.6,2005,0.10945273631840792,0.26732673267326734,0.4539249146757679,0.3277310924369748,0.393491124260355,0.2601536456669032
64.0,Stephon Marbury,22.7,0.54,0.262,0.359,2.3,7.0,4.6,40.8,1.6,0.1,11.8,29.7,7.2,0.7,7.8,0.147,5.9,-1.6,4.3,4.1,AS,PG,23.0,NJN,67.0,67.0,38.2,8.4,19.1,0.441,1.6,5.0,0.328,6.8,14.1,0.481,0.484,5.4,6.8,0.79,0.8,2.3,3.1,7.6,1.2,0.1,2.9,2.2,23.9,2001,0.06716417910447758,0.3811881188118812,0.28668941979522183,0.35294117647058815,0.6390532544378696,0.2596406224540574
13.0,Ivica Zubac,22.3,0.641,0.0,0.251,13.1,30.2,21.8,12.8,1.0,3.4,10.8,19.5,7.0,4.7,11.7,0.215,2.3,0.8,3.1,3.4,,C,27.0,LAC,80.0,80.0,32.8,7.4,11.8,0.628,0.0,0.0,,7.4,11.8,0.628,0.628,2.0,3.0,0.661,3.8,8.9,12.6,2.7,0.7,1.1,1.6,2.1,16.8,2025,0.05721393034825872,0.5742574257425742,0.24573378839590443,0.29411764705882354,0.42899408284023666,0.2591949879569052
72.0,Tony Parker,23.4,0.556,0.051,0.287,1.3,9.4,5.4,40.1,1.5,0.1,11.6,31.7,5.6,3.0,8.6,0.168,3.8,-0.2,3.6,3.5,"MVP-8,AS,NBA3",PG,26.0,SAS,72.0,71.0,34.1,8.9,17.5,0.506,0.3,0.9,0.292,8.6,16.6,0.518,0.513,3.9,5.0,0.782,0.4,2.7,3.1,6.9,0.9,0.1,2.6,1.5,22.0,2009,0.08457711442786066,0.42079207920792083,0.2627986348122867,0.3025210084033613,0.5828402366863904,0.25908511308416093
29.0,Goran DragiÄ,21.4,0.604,0.274,0.381,2.9,7.4,5.2,28.1,2.0,0.6,14.3,24.5,8.4,2.0,10.3,0.186,4.1,-0.2,3.9,4.0,"MVP-16,MIP-1,NBA3",SG,27.0,PHO,76.0,75.0,35.1,7.3,14.4,0.505,1.6,3.9,0.408,5.7,10.4,0.542,0.561,4.2,5.5,0.76,0.9,2.3,3.2,5.9,1.4,0.3,2.8,2.7,20.3,2014,0.03482587064676613,0.5049504950495051,0.27303754266211605,0.34453781512605036,0.5325443786982248,0.2572361751834582
29.0,Bam Adebayo,22.7,0.626,0.01,0.443,7.7,22.6,15.3,26.9,1.7,3.2,15.0,23.7,5.6,3.2,8.8,0.197,2.9,2.0,4.9,3.7,"DPOY-4,DEF2",C,23.0,MIA,64.0,64.0,33.5,7.1,12.5,0.57,0.0,0.1,0.25,7.1,12.4,0.573,0.571,4.4,5.5,0.799,2.2,6.7,9.0,5.4,1.2,1.0,2.6,2.3,18.7,2021,0.06716417910447758,0.43069306930693074,0.30716723549488056,0.319327731092437,0.4852071005917159,0.2548912157705686
3.0,Anthony Edwards,20.1,0.595,0.503,0.308,2.4,14.8,8.7,20.9,1.6,1.7,12.0,31.4,4.6,3.8,8.4,0.14,4.4,0.0,4.3,4.6,,SG,23.0,MIN,79.0,79.0,36.3,9.1,20.4,0.447,4.1,10.3,0.395,5.1,10.1,0.501,0.547,5.3,6.3,0.837,0.8,4.9,5.7,4.5,1.2,0.6,3.2,1.9,27.6,2025,0.0024875621890547614,0.4108910891089109,0.28668941979522183,0.39495798319327724,0.7485207100591715,0.25485899598169337
95.0,Clint Capela,24.5,0.65,0.001,0.38,13.5,30.8,22.2,5.7,1.4,5.7,11.5,19.4,6.2,4.1,10.2,0.242,2.4,1.0,3.4,2.8,DPOY-14,C,23.0,HOU,74.0,74.0,27.5,6.0,9.1,0.652,0.0,0.0,0.0,6.0,9.1,0.653,0.652,1.9,3.5,0.56,3.3,7.6,10.8,0.9,0.8,1.9,1.4,2.5,13.9,2018,0.11194029850746268,0.5,0.2559726962457338,0.24369747899159663,0.3431952662721893,0.25465993317851043
22.0,Andre Miller,21.8,0.538,0.083,0.428,4.2,10.4,7.4,49.8,2.2,0.8,16.5,22.6,8.7,1.5,10.3,0.163,4.3,-0.3,3.9,4.5,,PG,25.0,CLE,81.0,81.0,37.3,5.9,12.9,0.454,0.3,1.1,0.253,5.6,11.8,0.472,0.464,4.5,5.5,0.817,1.3,3.3,4.7,10.9,1.6,0.4,3.0,2.8,16.5,2002,0.044776119402985086,0.5049504950495051,0.27303754266211605,0.38655462184873945,0.4201183431952662,0.25417535180791884
3.0,Kemba Walker,21.7,0.558,0.434,0.267,1.9,11.9,6.8,29.4,1.7,1.0,10.1,31.5,5.5,1.9,7.4,0.123,5.2,-1.0,4.2,4.4,"AS,NBA3",PG,28.0,CHO,82.0,82.0,34.9,8.9,20.5,0.434,3.2,8.9,0.356,5.7,11.6,0.494,0.511,4.6,5.5,0.844,0.6,3.8,4.4,5.9,1.2,0.4,2.6,1.6,25.6,2019,0.04228855721393033,0.36138613861386143,0.28327645051194544,0.37815126050420167,0.6893491124260355,0.2525979780037572
58.0,Lauri Markkanen,22.1,0.64,0.446,0.348,6.3,20.7,13.6,8.6,0.9,1.4,8.8,26.6,6.3,1.9,8.2,0.173,4.9,-1.0,3.8,3.3,"MIP-1,AS",PF,25.0,UTA,66.0,66.0,34.4,8.7,17.3,0.499,3.0,7.7,0.391,5.6,9.6,0.585,0.586,5.3,6.0,0.875,2.0,6.7,8.6,1.9,0.6,0.6,1.9,2.1,25.6,2023,0.05223880597014929,0.400990099009901,0.2696245733788396,0.2857142857142857,0.6893491124260355,0.25252479667984
33.0,Dejounte Murray,22.3,0.533,0.237,0.199,3.5,21.6,12.5,40.6,2.8,0.8,11.8,27.3,3.9,3.4,7.3,0.149,3.7,1.7,5.4,4.4,AS,PG,25.0,SAS,68.0,68.0,34.8,8.4,18.3,0.462,1.4,4.3,0.327,7.0,13.9,0.504,0.5,2.9,3.6,0.794,1.2,7.1,8.3,9.2,2.0,0.3,2.6,2.0,21.1,2022,0.05721393034825872,0.3564356435643565,0.32423208191126285,0.37815126050420167,0.5562130177514792,0.25245554505999546
44.0,Kevin Martin,21.4,0.601,0.362,0.528,1.2,10.0,5.6,13.0,1.6,0.4,10.5,29.6,8.0,1.5,9.5,0.175,4.3,-1.0,3.4,3.5,,SG,27.0,HOU,80.0,80.0,32.5,6.9,15.8,0.436,2.2,5.7,0.383,4.7,10.1,0.467,0.506,7.4,8.4,0.888,0.4,2.9,3.2,2.5,1.0,0.2,2.3,1.9,23.5,2011,0.03482587064676613,0.46534653465346537,0.2559726962457338,0.3025210084033613,0.6272189349112425,0.2511681887700067
63.0,Evan Mobley,22.3,0.633,0.254,0.337,8.4,24.0,16.5,15.1,1.4,4.7,12.2,23.2,5.3,3.8,9.0,0.2,3.1,1.5,4.6,3.6,,PF,23.0,CLE,71.0,71.0,30.5,7.1,12.8,0.557,1.2,3.2,0.37,5.9,9.5,0.621,0.604,3.1,4.3,0.725,2.3,7.0,9.3,3.2,0.9,1.6,2.0,2.0,18.5,2025,0.05721393034825872,0.44059405940594065,0.2969283276450512,0.31092436974789917,0.47928994082840226,0.24941148060713203
15.0,Joakim Noah,20.0,0.531,0.003,0.419,11.6,24.5,18.2,26.4,1.9,3.3,17.0,18.7,4.5,6.6,11.2,0.19,1.7,3.6,5.3,5.2,"MVP-4,DPOY-1,AS,NBA1,DEF1",C,28.0,CHI,80.0,80.0,35.3,4.8,10.0,0.475,0.0,0.0,0.0,4.8,10.0,0.476,0.475,3.1,4.2,0.737,3.5,7.7,11.3,5.4,1.2,1.5,2.4,3.1,12.6,2014,0.0,0.5495049504950495,0.32081911262798635,0.4453781512605042,0.3047337278106509,0.2490760005317227
172.0,Victor Wembanyama,24.2,0.594,0.47,0.221,5.7,29.8,17.7,18.3,1.6,10.4,13.7,30.4,1.0,2.8,3.8,0.118,3.6,2.9,6.5,3.3,,C,21.0,SAS,46.0,46.0,33.2,8.9,18.6,0.476,3.1,8.8,0.352,5.8,9.9,0.586,0.559,3.4,4.1,0.836,1.8,9.2,11.0,3.7,1.1,3.8,3.2,2.3,24.3,2025,0.10447761194029848,0.18316831683168316,0.36177474402730375,0.2857142857142857,0.6508875739644969,0.24443984291579507
34.0,Klay Thompson,20.8,0.591,0.42,0.197,1.2,9.4,5.4,14.6,1.7,1.8,9.5,27.6,5.7,3.1,8.8,0.172,4.5,-0.1,4.4,4.0,"MVP-10,AS,NBA3",SG,24.0,GSW,77.0,77.0,31.9,7.8,16.9,0.463,3.1,7.1,0.439,4.7,9.8,0.481,0.555,2.9,3.3,0.879,0.4,2.9,3.2,2.9,1.1,0.8,1.9,1.6,21.7,2015,0.019900497512437828,0.43069306930693074,0.29010238907849834,0.34453781512605036,0.57396449704142,0.243969521898808
108.0,Pau Gasol,24.1,0.593,0.013,0.466,8.3,24.2,16.3,17.7,0.7,4.5,13.5,25.3,5.4,1.5,6.9,0.155,3.7,-0.1,3.6,3.0,,C,26.0,MEM,59.0,59.0,36.2,7.8,14.5,0.538,0.1,0.2,0.273,7.8,14.4,0.542,0.54,5.1,6.8,0.748,2.5,7.3,9.8,3.4,0.5,2.1,2.7,2.3,20.8,2007,0.1019900497512438,0.33663366336633666,0.2627986348122867,0.2605042016806723,0.5473372781065088,0.2414666275149403
81.0,Larry Hughes,21.6,0.523,0.192,0.417,3.4,15.2,9.1,21.9,3.8,0.6,10.6,26.6,4.6,3.1,7.7,0.157,2.4,1.9,4.3,3.7,"DPOY-6,DEF1",SG,26.0,WAS,61.0,61.0,38.7,7.7,17.8,0.43,1.0,3.4,0.282,6.7,14.4,0.465,0.457,5.8,7.4,0.777,1.2,5.0,6.3,4.7,2.9,0.3,2.5,2.8,22.0,2005,0.039800995024875656,0.3762376237623763,0.28668941979522183,0.319327731092437,0.5828402366863904,0.23872260349935265
138.0,Devin Booker,22.0,0.601,0.296,0.336,2.7,12.0,7.2,27.3,1.4,0.9,10.6,31.8,4.2,1.9,6.0,0.157,4.5,-0.3,4.2,2.9,,SG,26.0,PHO,53.0,53.0,34.6,9.9,20.1,0.494,2.1,6.0,0.351,7.8,14.2,0.554,0.546,5.8,6.8,0.855,0.9,3.7,4.5,5.5,1.0,0.3,2.7,3.0,27.8,2023,0.04975124378109452,0.2920792079207921,0.28327645051194544,0.25210084033613445,0.7544378698224851,0.2356255002148473
